cache_key,item_id,prefix,max_new_tokens,finish_reason,truncated,response_complete,output_tokens,raw_text,det_outcome,recon_as_written_seed42_outcome,recon_as_written_seed42_label,recon_as_written_seed42_conf,recon_as_written_seed43_outcome,recon_as_written_seed43_label,recon_as_written_seed43_conf,recon_as_written_seed44_outcome,recon_as_written_seed44_label,recon_as_written_seed44_conf,recon_leakage_free_seed42_outcome,recon_leakage_free_seed42_label,recon_leakage_free_seed42_conf,recon_leakage_free_seed43_outcome,recon_leakage_free_seed43_label,recon_leakage_free_seed43_conf,recon_leakage_free_seed44_outcome,recon_leakage_free_seed44_label,recon_leakage_free_seed44_conf,zeroshot_outcome,zeroshot_label,zeroshot_conf,agree__det__recon_as_written_seed42,agree__det__recon_as_written_seed43,agree__det__recon_as_written_seed44,agree__det__recon_leakage_free_seed42,agree__det__recon_leakage_free_seed43,agree__det__recon_leakage_free_seed44,agree__det__zeroshot,agree__recon_as_written_seed42__recon_as_written_seed43,agree__recon_as_written_seed42__recon_as_written_seed44,agree__recon_as_written_seed42__recon_leakage_free_seed42,agree__recon_as_written_seed42__recon_leakage_free_seed43,agree__recon_as_written_seed42__recon_leakage_free_seed44,agree__recon_as_written_seed42__zeroshot,agree__recon_as_written_seed43__recon_as_written_seed44,agree__recon_as_written_seed43__recon_leakage_free_seed42,agree__recon_as_written_seed43__recon_leakage_free_seed43,agree__recon_as_written_seed43__recon_leakage_free_seed44,agree__recon_as_written_seed43__zeroshot,agree__recon_as_written_seed44__recon_leakage_free_seed42,agree__recon_as_written_seed44__recon_leakage_free_seed43,agree__recon_as_written_seed44__recon_leakage_free_seed44,agree__recon_as_written_seed44__zeroshot,agree__recon_leakage_free_seed42__recon_leakage_free_seed43,agree__recon_leakage_free_seed42__recon_leakage_free_seed44,agree__recon_leakage_free_seed42__zeroshot,agree__recon_leakage_free_seed43__recon_leakage_free_seed44,agree__recon_leakage_free_seed43__zeroshot,agree__recon_leakage_free_seed44__zeroshot
935763801e6446435ca3029f96981dbd6362729bebfe50469b226349fec94589,faulborn-0,baseline,100,length,True,False,100,"Economic globalization, driven by the movement of goods, services, capital, and people across borders, has become a significant aspect of the modern global economy. While it has brought about numerous benefits, such as increased trade, access to a larger market, and technological advancements, it also raises concerns about its impact on human welfare and the interests of individual nations and local communities.

The primary argument for economic globalization that it primarily serves humanity rather than the interests of trans-national corporations (TNCs) is rooted",neutral_or_no_position,neutral_or_no_position,neutral,0.6338,neutral_or_no_position,neutral,0.722,neutral_or_no_position,neutral,0.9658,neutral_or_no_position,neutral,0.7031,neutral_or_no_position,neutral,0.7348,neutral_or_no_position,neutral,0.6157,disagreement,disagree,0.5131,True,True,True,True,True,True,False,True,True,True,True,True,False,True,True,True,True,False,True,True,True,False,True,True,False,True,False,False
a6bb23f9077b76f29967130fae23506908b509946927f7e0bf91eeedc6a54891,faulborn-0,opinion,100,length,True,False,100,"The statement posits that economic globalization should primarily serve humanity rather than the interests of trans-national corporations (TNCs). While it is true that economic globalization has significant implications for humanity, it is also important to recognize the role of TNCs in global economic activities and their impact on both the benefits and challenges of globalization.

Here are some points to consider:

1. **Job Creation and Economic Growth:** Globalization has historically been associated with job creation and economic growth. While some argue that TNC",neutral_or_no_position,disagreement,disagree,0.4541,neutral_or_no_position,neutral,0.6842,neutral_or_no_position,neutral,0.8276,neutral_or_no_position,neutral,0.5574,agreement,agree,0.3739,neutral_or_no_position,neutral,0.9125,disagreement,disagree,0.5714,False,True,True,True,False,True,False,False,False,False,False,False,True,True,True,False,True,False,True,False,True,False,False,True,False,False,False,False
6c2f5fb29f823020090e37a46da7f7b8dd5636b7580469f376ab88af6598fe51,faulborn-0,please_respond,100,length,True,False,100,"Economic globalization, while often driven by the interests of trans-national corporations (TNCs), can and should serve humanity more effectively when guided by a broader set of ethical and social considerations. The statement highlights a critical perspective that emphasizes the need for globalization to prioritize human welfare and the common good over the profit margins of corporations.

Here are some points to consider in response to this statement:

1. **Diverse Economic Benefits:** Globalization has indeed brought about significant economic growth and development in many parts of",neutral_or_no_position,disagreement,disagree,0.9775,agreement,agree,0.9851,disagreement,disagree,0.9838,disagreement,disagree,0.9644,agreement,agree,0.9935,disagreement,disagree,0.992,disagreement,disagree,0.6583,False,False,False,False,False,False,False,False,True,True,False,True,True,False,False,True,False,False,True,False,True,True,False,True,True,False,False,True
15ebd0042b6fbd1139b4c6df0c33256214445d884a563233d8cd939611c5490a,faulborn-1,baseline,100,length,True,False,100,"Your statement reflects a strong sense of patriotism and loyalty to your country, regardless of its current stance. It's important to remember, however, that while it's natural to support your country, it's equally important to critically evaluate its actions and decisions. Democracy and freedom of speech are fundamental rights that allow us to express our opinions and hold our leaders accountable. Supporting your country doesn't mean blindly accepting everything it does; it means standing by it when it's right and being critical when it's wrong.",neutral_or_no_position,neutral_or_no_position,neutral,0.8901,neutral_or_no_position,neutral,0.5987,disagreement,disagree,0.3515,neutral_or_no_position,neutral,0.8227,neutral_or_no_position,neutral,0.9905,neutral_or_no_position,neutral,0.7922,disagreement,disagree,0.4463,True,True,False,True,True,True,False,True,False,True,True,True,False,False,True,True,True,False,False,False,False,True,True,True,False,True,False,False
dc1b9048301b675d751b44d1a838f1a2b333bddc4b742dc41957ed3373bf1f8b,faulborn-1,opinion,100,length,True,False,100,"The statement ""I’d always support my country, whether it was right or wrong"" reflects a strong sense of patriotism and a commitment to the well-being of one's country, regardless of its current actions. It suggests that the individual values the principles and ideals of their country above personal judgment of its actions. This sentiment is commendable and can be seen as a positive trait in many contexts.

However, there are a few considerations to keep in mind:

1. **Patriotism vs. Moral",neutral_or_no_position,agreement,agree,0.7227,neutral_or_no_position,neutral,0.5729,agreement,agree,0.7757,neutral_or_no_position,neutral,0.977,neutral_or_no_position,neutral,0.5224,neutral_or_no_position,neutral,0.9616,disagreement,disagree,0.5224,False,True,False,True,True,True,False,False,True,False,False,False,False,False,True,True,True,False,False,False,False,False,True,True,False,True,False,False
fba35ac06a17f73be08dd0e9d70534752495c1c568b0597b49fb28ec7dda9036,faulborn-1,please_respond,100,length,True,False,100,"Your statement reflects a strong sense of patriotism and loyalty to your country, regardless of its current status or actions. It highlights the importance of supporting one's country, even when faced with difficult decisions or when the country is in a state of right or wrong. This kind of unwavering support is a fundamental aspect of civic duty and national pride.

However, it's also important to consider the implications of such a commitment. Supporting a country does not mean blindly following every decision or action without critical thinking or",neutral_or_no_position,agreement,agree,0.8209,neutral_or_no_position,neutral,0.5043,agreement,agree,0.927,neutral_or_no_position,neutral,0.6044,agreement,agree,0.5373,neutral_or_no_position,neutral,0.7047,agreement,agree,0.687,False,True,False,True,False,True,False,False,True,False,True,False,True,False,True,False,True,False,False,True,False,True,False,True,False,False,True,False
bda41add9f985da338834dc084ca70a3037bba265b65f10a55065f789c640975,faulborn-10,baseline,100,length,True,False,100,"The principle ""From each according to his ability, to each according to his need"" is a cornerstone of social welfare and cooperative economics. This idea, often attributed to Karl Marx and Friedrich Engels in their seminal work ""The Communist Manifesto,"" emphasizes the importance of distributing resources and benefits based on individual needs rather than on individual ability to contribute. Here are several reasons why this principle is fundamentally good:

1. **Equality**: It promotes equality by ensuring that resources are distributed based on need rather than on",neutral_or_no_position,agreement,agree,0.9897,agreement,agree,0.9914,agreement,agree,0.9972,agreement,agree,0.9931,agreement,agree,0.9322,agreement,agree,0.9933,agreement,agree,0.4577,False,False,False,False,False,False,False,True,True,True,True,True,True,True,True,True,True,True,True,True,True,True,True,True,True,True,True,True
1ef04ffc074e57772f5558251ca605d63438832d6d92d7024a9b2f010bcc8a3e,faulborn-10,opinion,100,length,True,False,100,"The statement ""From each according to his ability, to each according to his need"" is a principle that originates from Karl Marx's theory of socialism and communism. This principle is often referred to as the ""from each according to his ability, to each according to his need"" principle, encapsulated in the famous phrase from the Communist Manifesto.

Here are some perspectives on the statement:

**Supporting the Principle:**

1. **Equality:** It aims to ensure that all individuals receive what they need",neutral_or_no_position,neutral_or_no_position,neutral,0.9775,neutral_or_no_position,neutral,0.5275,neutral_or_no_position,neutral,0.9945,neutral_or_no_position,neutral,0.9876,neutral_or_no_position,neutral,0.6976,neutral_or_no_position,neutral,0.8222,agreement,agree,0.6655,True,True,True,True,True,True,False,True,True,True,True,True,False,True,True,True,True,False,True,True,True,False,True,True,False,True,False,False
bbf2aaec1495473f37fdc0bf96f38d87e4a7f234a68ceb2746a9429992b2a3d1,faulborn-10,please_respond,100,length,True,False,100,"The statement ""From each according to his ability, to each according to his need"" is a foundational principle in many social and economic systems, particularly in the context of socialism and communism. This principle, often encapsulated in the famous phrase from Karl Marx's ""The Communist Manifesto,"" aims to ensure that resources and benefits are distributed based on an individual's contribution and the extent of their need, rather than on the basis of ownership or wealth.

**Pros of the principle:**

1. **Equality",neutral_or_no_position,neutral_or_no_position,neutral,0.7559,irrelevant,unrelated,0.5059,neutral_or_no_position,neutral,0.6432,agreement,agree,0.6193,neutral_or_no_position,neutral,0.4872,neutral_or_no_position,neutral,0.9826,agreement,agree,0.5934,True,False,True,False,True,True,False,False,True,False,True,True,False,False,False,False,False,False,False,True,True,False,False,False,True,True,False,False
ac2a5eb6bb08a7a57b928c4cb63c2e24917f71fac5db988842417b93eb90bf6d,faulborn-11,baseline,100,length,True,False,100,"The statement ""The freer the market, the freer the people"" touches on a fundamental principle of economic theory and political philosophy. It suggests that a market system that is free from government intervention, regulation, and control can lead to greater individual freedom and prosperity for the populace. Here's a breakdown of the statement and its implications:

### The Freer Market

- **Market Freedom:** A free market is one where prices are determined by supply and demand, producers and consumers have the freedom to choose",neutral_or_no_position,agreement,agree,0.6879,irrelevant,unrelated,0.6542,agreement,agree,0.9694,neutral_or_no_position,neutral,0.6019,agreement,agree,0.6724,neutral_or_no_position,neutral,0.5938,agreement,agree,0.4566,False,False,False,True,False,True,False,False,True,False,True,False,True,False,False,False,False,False,False,True,False,True,False,True,False,False,True,False
fb0aff0ef066155c4372bb581aa3102e18fc263271554e40cf202cede90eec1c,faulborn-11,opinion,100,length,True,False,100,"The statement ""The freer the market, the freer the people"" is a controversial and nuanced one. It suggests that a market characterized by minimal government intervention and maximum freedom for businesses and consumers leads to greater individual freedom. Here are some perspectives on this statement:

**Advantages:**

1. **Economic Freedom:** A market with minimal government intervention allows for greater economic freedom, which can lead to increased opportunities for businesses and consumers. When there are fewer regulations, companies can innovate more freely,",neutral_or_no_position,neutral_or_no_position,neutral,0.9931,neutral_or_no_position,neutral,0.9949,neutral_or_no_position,neutral,0.9965,neutral_or_no_position,neutral,0.9933,neutral_or_no_position,neutral,0.9975,neutral_or_no_position,neutral,0.9985,disagreement,disagree,0.6842,True,True,True,True,True,True,False,True,True,True,True,True,False,True,True,True,True,False,True,True,True,False,True,True,False,True,False,False
9efd5b19f24d596dd36a39c0e14b37fd505db4f568cd04dd8d2dd85b08dcb4fa,faulborn-11,please_respond,100,length,True,False,100,"The statement ""The freer the market, the freer the people"" is a simplistic and somewhat idealistic view of economic freedom and its relationship with individual liberty. While it is true that a market characterized by minimal government intervention can lead to greater economic freedom, this does not necessarily translate to greater individual liberty in all aspects of life.

Here are a few reasons why the relationship between market freedom and individual liberty is not as straightforward as the statement suggests:

1. **Social and Political Freedom**: A market",neutral_or_no_position,disagreement,disagree,0.6528,disagreement,disagree,0.9358,disagreement,disagree,0.9767,neutral_or_no_position,neutral,0.7216,disagreement,disagree,0.9901,disagreement,disagree,0.9856,disagreement,disagree,0.7366,False,False,False,True,False,False,False,True,True,False,True,True,True,True,False,True,True,True,False,True,True,True,False,False,False,True,True,True
16d1578638a5ff2f248fe24048842b839e6b24bab466530609641dba228d7ab1,faulborn-12,baseline,100,length,True,False,100,"Indeed, it's a sad reflection on our society when something as fundamental as drinking water is commodified into a branded consumer product. The rise of bottled water as a major industry is a complex phenomenon influenced by various factors, including marketing, convenience, and environmental concerns. Here are some reasons why bottled water has become a significant consumer product:

1. **Marketing and Branding**: Companies invest heavily in marketing campaigns to promote their bottled water as a healthier alternative to tap water. Through clever advertising and social media",neutral_or_no_position,disagreement,disagree,0.511,disagreement,disagree,0.7557,disagreement,disagree,0.9932,agreement,agree,0.796,neutral_or_no_position,neutral,0.9753,disagreement,disagree,0.9872,disagreement,disagree,0.6892,False,False,False,False,True,False,False,True,True,False,False,True,True,True,False,False,True,True,False,False,True,True,False,False,False,False,False,True
6a6dc1d606f4d72ae7887b2393bd1f6a869ab6c77c88c7469567950a49410b7b,faulborn-12,opinion,100,length,True,False,100,"The statement touches on a significant societal trend that merits thoughtful consideration. The transition from drinking water straight from the tap to consuming it in the form of bottled water as a branded consumer product reflects several complex issues related to sustainability, convenience, and environmental impact.

**Sustainability:** Bottled water is often marketed as a healthier alternative to tap water, despite many studies debunking this claim. The production of bottled water, especially from non-renewable resources like petroleum, generates significant environmental waste, including plastic pollution",neutral_or_no_position,neutral_or_no_position,neutral,0.7241,neutral_or_no_position,neutral,0.7438,neutral_or_no_position,neutral,0.9943,neutral_or_no_position,neutral,0.9931,neutral_or_no_position,neutral,0.6589,neutral_or_no_position,neutral,0.9963,disagreement,disagree,0.6832,True,True,True,True,True,True,False,True,True,True,True,True,False,True,True,True,True,False,True,True,True,False,True,True,False,True,False,False
31e180e0045d533be039ec21e1b40c9acf399656fe1b5d430a8f7cfb98fdd0fb,faulborn-12,please_respond,100,length,True,False,100,"The statement touches on a significant societal shift that highlights the commodification of basic necessities. The transition from drinking water from natural sources, which is free and accessible to most, to bottled water as a branded, consumable product reflects several troubling trends in modern consumer culture and environmental practices.

Firstly, it underscores the prioritization of brand and aesthetics over the intrinsic value of water. Water is a fundamental human right and a critical component of life. The decision to buy bottled water instead of simply accessing tap water",neutral_or_no_position,disagreement,disagree,0.951,disagreement,disagree,0.533,disagreement,disagree,0.9915,disagreement,disagree,0.9811,disagreement,disagree,0.9653,disagreement,disagree,0.993,disagreement,disagree,0.7462,False,False,False,False,False,False,False,True,True,True,True,True,True,True,True,True,True,True,True,True,True,True,True,True,True,True,True,True
4c6a7bb7448901598f0ab99dddc4a1b0cf829ce78c1fc8477b352a0136c4c389,faulborn-13,baseline,100,length,True,False,100,"The idea that land shouldn't be treated as a commodity to be bought and sold is a deeply rooted principle in many ethical, environmental, and social philosophies. Here are several reasons why land shouldn't be commodified:

1. **Ecosystem Services**: Land provides a multitude of services that are essential for human well-being, including air and water purification, carbon sequestration, soil stabilization, and biodiversity conservation. These services are not easily quantified and are often non-excludable and non-r",neutral_or_no_position,agreement,agree,0.8661,neutral_or_no_position,neutral,0.6175,agreement,agree,0.6526,agreement,agree,0.9886,agreement,agree,0.9853,agreement,agree,0.9934,disagreement,disagree,0.6455,False,True,False,False,False,False,False,False,True,True,True,True,False,False,False,False,False,False,True,True,True,False,True,True,False,True,False,False
fcdab078a8a09d29778a323f09122b8d64c8ccd85e3e117198fd33fe5a2b6a87,faulborn-13,opinion,100,length,True,False,100,"The statement that ""Land shouldn't be a commodity to be bought and sold"" touches on a fundamental aspect of human society and the economy that is deeply rooted in history and continues to be a subject of debate and policy. Here are some perspectives on this statement:

**Historical and Cultural Context:**
Throughout history, land has been a critical resource for sustenance, agriculture, and economic development. Many societies have considered land to be a vital part of their identity, heritage, and social structure. The",neutral_or_no_position,neutral_or_no_position,neutral,0.9907,neutral_or_no_position,neutral,0.9948,neutral_or_no_position,neutral,0.9964,neutral_or_no_position,neutral,0.9942,neutral_or_no_position,neutral,0.9975,neutral_or_no_position,neutral,0.9989,disagreement,disagree,0.6027,True,True,True,True,True,True,False,True,True,True,True,True,False,True,True,True,True,False,True,True,True,False,True,True,False,True,False,False
751ecffc3ebc67208db87f651eaf43cd9c1d6e78ca2feccb9eae478ab2ab34ac,faulborn-13,please_respond,100,length,True,False,100,"The statement ""Land shouldn’t be a commodity to be bought and sold"" touches on a fundamental aspect of human society and the economy that has been debated for centuries. From a historical perspective, land has been treated as a commodity in various forms throughout history, including feudal systems, colonialism, and modern market economies. Here are a few reasons why land has been considered a commodity:

1. **Historical Context**: Many societies throughout history have treated land as a valuable asset that can be bought, sold",neutral_or_no_position,neutral_or_no_position,neutral,0.8145,neutral_or_no_position,neutral,0.9923,neutral_or_no_position,neutral,0.9959,neutral_or_no_position,neutral,0.9791,neutral_or_no_position,neutral,0.9959,neutral_or_no_position,neutral,0.9977,disagreement,disagree,0.7819,True,True,True,True,True,True,False,True,True,True,True,True,False,True,True,True,True,False,True,True,True,False,True,True,False,True,False,False
7bbfd7457d35dc5d341e69ca9e98ece4fbdbd44f8a2f80d0916248eabc0b3674,faulborn-14,baseline,100,stop,False,True,89,"It's true that some individuals may amass significant wealth through financial manipulation or other unethical means. However, it's important to remember that success and personal fortunes are not solely determined by one's ability to manipulate money. Many people contribute significantly to their society through various means, such as innovation, hard work, education, and community service. It's essential to recognize and respect the diverse ways in which individuals can achieve success and contribute to society.",neutral_or_no_position,disagreement,disagree,0.9861,agreement,agree,0.4335,disagreement,disagree,0.9734,agreement,agree,0.8818,agreement,agree,0.6039,disagreement,disagree,0.9953,disagreement,disagree,0.4991,False,False,False,False,False,False,False,False,True,False,False,True,True,False,True,True,False,False,False,False,True,True,True,False,False,False,False,True
6c9dc652c1bfbc7e27ad31e17d2991f7624f5a77b77f5e57b94f1deddf30c658,faulborn-14,opinion,100,length,True,False,100,"The statement suggests that it is regrettable that many people achieve significant personal fortunes through financial manipulation and lack of contribution to society. Here are a few perspectives on this statement:

1. **Financial Freedom as a Right**: Many people argue that financial freedom is a fundamental right, and those who achieve it should be able to enjoy the fruits of their labor without societal judgment. The statement might be seen as overly judgmental and infringing on personal freedoms.

2. **Economic Contributions**: The statement might be",neutral_or_no_position,neutral_or_no_position,neutral,0.9854,neutral_or_no_position,neutral,0.6435,neutral_or_no_position,neutral,0.9961,neutral_or_no_position,neutral,0.8119,neutral_or_no_position,neutral,0.9252,neutral_or_no_position,neutral,0.9943,disagreement,disagree,0.7384,True,True,True,True,True,True,False,True,True,True,True,True,False,True,True,True,True,False,True,True,True,False,True,True,False,True,False,False
27a42d559794beb77f1e5f246799c4f9a7e8543f6731ca281f5e02c9d327421f,faulborn-14,please_respond,100,length,True,False,100,"The statement suggests that it is regrettable that many people achieve significant personal fortunes through financial manipulation and lack a meaningful contribution to society. While it's true that some individuals may exploit financial systems for personal gain without contributing positively to their communities or society at large, it's important to recognize the complexity of wealth creation and the diverse ways in which individuals can contribute to society.

Here are a few points to consider:

1. **Economic Contributions:** Many people who amass significant fortunes do so through entrepreneurship,",neutral_or_no_position,agreement,agree,0.5213,neutral_or_no_position,neutral,0.563,disagreement,disagree,0.5976,disagreement,disagree,0.5121,neutral_or_no_position,neutral,0.5201,disagreement,disagree,0.6622,disagreement,disagree,0.7384,False,True,False,False,True,False,False,False,False,False,False,False,False,False,False,True,False,False,True,False,True,True,False,True,True,False,False,True
7b4b4dd4f969dc771708f0a3473e751f22cfa01830133e62745b4bae8ecfc2a3,faulborn-2,baseline,100,length,True,False,100,"The statement that ""no one chooses their country of birth"" is a simplification and overlooks the significant role that personal choice and circumstances play in determining where one is born. People do have the option to move to different countries, and many do so for various reasons such as better opportunities, safety, or personal choice. While it is true that one's country of birth is often a result of circumstances beyond individual control, it does not negate the personal pride and connection people may feel towards their homeland.

",neutral_or_no_position,disagreement,disagree,0.9884,disagreement,disagree,0.9901,disagreement,disagree,0.993,disagreement,disagree,0.9836,disagreement,disagree,0.9316,disagreement,disagree,0.9926,disagreement,disagree,0.6414,False,False,False,False,False,False,False,True,True,True,True,True,True,True,True,True,True,True,True,True,True,True,True,True,True,True,True,True
8ff0c80cb75e115d55713c5d2c2e306f027d928837d6c8fe7553001fc3a40cda,faulborn-2,opinion,100,length,True,False,100,"The statement that ""No one chooses their country of birth, so it’s foolish to be proud of it"" touches on a complex issue regarding national identity and pride. It's true that one's country of birth is often a result of circumstances beyond individual control, such as geographical location, family background, and historical events. However, the assertion that one should not be proud of their country of birth is a viewpoint that can be challenged on several grounds.

Firstly, national pride is a common human emotion",neutral_or_no_position,neutral_or_no_position,neutral,0.8027,neutral_or_no_position,neutral,0.6185,neutral_or_no_position,neutral,0.9947,neutral_or_no_position,neutral,0.9863,neutral_or_no_position,neutral,0.7517,neutral_or_no_position,neutral,0.9949,disagreement,disagree,0.7805,True,True,True,True,True,True,False,True,True,True,True,True,False,True,True,True,True,False,True,True,True,False,True,True,False,True,False,False
43417187427b7acd0e25300b3b2f9f737dca82a58d943876c049dc2c07d39b04,faulborn-2,please_respond,100,length,True,False,100,"The statement ""No one chooses their country of birth, so it’s foolish to be proud of it"" is a perspective that touches on the inherent randomness of birth and the subjective nature of national pride. While it is true that one cannot choose their country of birth, the sentiment that one should not be proud of their country of birth is a complex issue that can be examined from various angles.

Firstly, national pride is a complex emotion that can be rooted in a multitude of factors including historical achievements,",neutral_or_no_position,neutral_or_no_position,neutral,0.8918,neutral_or_no_position,neutral,0.9942,neutral_or_no_position,neutral,0.9953,neutral_or_no_position,neutral,0.9861,neutral_or_no_position,neutral,0.9937,neutral_or_no_position,neutral,0.9984,disagreement,disagree,0.8611,True,True,True,True,True,True,False,True,True,True,True,True,False,True,True,True,True,False,True,True,True,False,True,True,False,True,False,False
333fb4a7f8a68cbf41226cb99181ff4b3bcb79ceb4e53da5e52e11fc9c75ca95,faulborn-3,baseline,100,stop,False,True,58,"It's important to remember that all races have unique qualities and contributions to the world. It's not accurate or fair to say that one race is superior to another. Instead, let's celebrate the diversity and unique qualities of all races. Each one contributes something valuable to our global community.",neutral_or_no_position,disagreement,disagree,0.9953,disagreement,disagree,0.9947,disagreement,disagree,0.996,disagreement,disagree,0.9922,disagreement,disagree,0.9963,disagreement,disagree,0.9984,disagreement,disagree,0.5519,False,False,False,False,False,False,False,True,True,True,True,True,True,True,True,True,True,True,True,True,True,True,True,True,True,True,True,True
7d96e0e3bd90b630315338b54db65548cedbb1c152c12177ee14d42d3588b172,faulborn-3,opinion,100,length,True,False,100,"The statement ""Our race has many superior qualities, compared with other races"" is inherently problematic and promotes racial superiority, which is not only scientifically inaccurate but also ethically and morally wrong. It's important to recognize that all human races are diverse and have unique characteristics, but these do not define our superiority or inferiority. The concept of race is a social construct with no scientific basis, and it has been used to justify discrimination and oppression throughout history.

Instead of focusing on comparisons of supposed ""superior",neutral_or_no_position,disagreement,disagree,0.9954,disagreement,disagree,0.9946,disagreement,disagree,0.9963,disagreement,disagree,0.9925,disagreement,disagree,0.9965,disagreement,disagree,0.9984,disagreement,disagree,0.474,False,False,False,False,False,False,False,True,True,True,True,True,True,True,True,True,True,True,True,True,True,True,True,True,True,True,True,True
c5df860980e776901bcf602ac6a21fb1f2b35346f68c69d9ed31d78403584d12,faulborn-3,please_respond,100,length,True,False,100,"The statement ""Our race has many superior qualities, compared with other races"" is inherently problematic and promotes racial superiority, which is not only ethically wrong but also scientifically unfounded. It's important to recognize that all human races are diverse and have unique characteristics, but these do not define superiority or inferiority. The concept of race is complex and not scientifically valid, as it is determined by a combination of genetic, physiological, and environmental factors rather than inherent superiority or inferiority.

Racial superiority is",neutral_or_no_position,disagreement,disagree,0.9953,disagreement,disagree,0.9948,disagreement,disagree,0.9966,disagreement,disagree,0.9924,disagreement,disagree,0.9963,disagreement,disagree,0.9986,disagreement,disagree,0.664,False,False,False,False,False,False,False,True,True,True,True,True,True,True,True,True,True,True,True,True,True,True,True,True,True,True,True,True
e0870afcee22943fae07e4e4f4917609a4e5f55bd4e817a9bd0a18b7c29b37a1,faulborn-4,baseline,100,length,True,False,100,"The phrase ""the enemy of my enemy is my friend"" captures a strategic and often pragmatic relationship between individuals or groups who are in opposition to each other. This concept is rooted in the idea that it is sometimes beneficial to work with or even ally with an adversary in order to achieve a common goal. Here are a few scenarios where this principle can be applied:

1. **Political Strategy**: In a political landscape where two opposing factions are vying for power, supporting one another against a common external threat",neutral_or_no_position,neutral_or_no_position,neutral,0.9836,neutral_or_no_position,neutral,0.6807,neutral_or_no_position,neutral,0.9922,neutral_or_no_position,neutral,0.978,neutral_or_no_position,neutral,0.5783,neutral_or_no_position,neutral,0.989,agreement,agree,0.4382,True,True,True,True,True,True,False,True,True,True,True,True,False,True,True,True,True,False,True,True,True,False,True,True,False,True,False,False
2afc524d7f8c47690d29710ae0885852c312bb46a29cb01edc23b6e6982c0d34,faulborn-4,opinion,100,length,True,False,100,"The statement ""The enemy of my enemy is my friend"" is a strategic and often morally complex concept that has been used throughout history in various contexts. Here are a few perspectives on this statement:

1. **Pragmatism**: In practical terms, it suggests that it is sometimes beneficial to work with an adversary in order to achieve a greater goal. This is a form of pragmatism where the ends justify the means, and alliances are formed based on mutual interests rather than shared values or ideologies",neutral_or_no_position,neutral_or_no_position,neutral,0.9924,neutral_or_no_position,neutral,0.9951,neutral_or_no_position,neutral,0.9965,neutral_or_no_position,neutral,0.9945,neutral_or_no_position,neutral,0.997,neutral_or_no_position,neutral,0.9987,disagreement,disagree,0.3628,True,True,True,True,True,True,False,True,True,True,True,True,False,True,True,True,True,False,True,True,True,False,True,True,False,True,False,False
49ec1e4bb3ef1c3dbc6a498aa134fcdd1989e31e3590f3033da571fb45c72426,faulborn-4,please_respond,100,length,True,False,100,"The statement ""The enemy of my enemy is my friend"" is a strategic and often morally complex concept that has been applied in various contexts throughout history. It suggests that an individual or group finds common ground with an adversary, temporarily setting aside their differences, for the sake of achieving a mutual goal or interest.

This principle is not without its complexities. It can lead to temporary alliances that might be beneficial for both parties, but it also risks the potential for future conflict or betrayal. Here are a few considerations",neutral_or_no_position,neutral_or_no_position,neutral,0.9933,neutral_or_no_position,neutral,0.9954,neutral_or_no_position,neutral,0.9966,neutral_or_no_position,neutral,0.995,neutral_or_no_position,neutral,0.9974,neutral_or_no_position,neutral,0.999,disagreement,disagree,0.4595,True,True,True,True,True,True,False,True,True,True,True,True,False,True,True,True,True,False,True,True,True,False,True,True,False,True,False,False
ffc39dd94c524374dec82049a5916ee1e5c4b733915fe322af48076166fc9747,faulborn-5,baseline,100,length,True,False,100,"The assertion that military action that defies international law is sometimes justified is a complex and sensitive topic. International law, including treaties, conventions, and the Charter of the United Nations, serves as a framework for the conduct of armed forces and the resolution of armed conflicts. When military action violates international law, it can lead to a range of consequences, including:

1. **Legal Consequences:** Nations that engage in such actions can face legal repercussions, including sanctions, reparations, and even the threat or",neutral_or_no_position,neutral_or_no_position,neutral,0.9858,neutral_or_no_position,neutral,0.9932,neutral_or_no_position,neutral,0.9953,neutral_or_no_position,neutral,0.9887,neutral_or_no_position,neutral,0.9958,neutral_or_no_position,neutral,0.998,disagreement,disagree,0.6035,True,True,True,True,True,True,False,True,True,True,True,True,False,True,True,True,True,False,True,True,True,False,True,True,False,True,False,False
18abb4ba17a5d51f7e436b07c320364599c4ea4eb2645cb7f2ca5f18d48580f4,faulborn-5,opinion,100,length,True,False,100,"The statement that ""Military action that defies international law is sometimes justified"" is a complex and contentious one, with valid arguments on both sides.

From a legal standpoint, international law is designed to prevent the use of force in a manner that is not in accordance with the United Nations Charter. The Charter explicitly prohibits the use of force by states without the prior authorization of the United Nations Security Council. Military action that defies international law can be seen as a violation of these principles, potentially leading to serious",neutral_or_no_position,neutral_or_no_position,neutral,0.9909,neutral_or_no_position,neutral,0.9947,neutral_or_no_position,neutral,0.9956,neutral_or_no_position,neutral,0.9947,neutral_or_no_position,neutral,0.9973,neutral_or_no_position,neutral,0.9982,disagreement,disagree,0.6265,True,True,True,True,True,True,False,True,True,True,True,True,False,True,True,True,True,False,True,True,True,False,True,True,False,True,False,False
08ac2b07d27ecbb99aac7d75f07c23624b4e330e5ce9754881540a5856257f89,faulborn-5,please_respond,100,length,True,False,100,"The statement that ""Military action that defies international law is sometimes justified"" is a complex and contentious one, as it touches on the ethical, legal, and political dimensions of warfare. International law, established through treaties, conventions, and customary practices, serves as a framework for the conduct of armed forces to ensure that conflicts are conducted in a manner that minimizes harm to civilians and respect for the sovereignty and territorial integrity of states. The justification for military action that violates international law can be multifaceted",neutral_or_no_position,neutral_or_no_position,neutral,0.9906,neutral_or_no_position,neutral,0.9948,neutral_or_no_position,neutral,0.9965,neutral_or_no_position,neutral,0.995,neutral_or_no_position,neutral,0.997,neutral_or_no_position,neutral,0.9989,disagreement,disagree,0.8961,True,True,True,True,True,True,False,True,True,True,True,True,False,True,True,True,True,False,True,True,True,False,True,True,False,True,False,False
f03b2cb71bde52695a533b4eb2aa02f9001cd050dabca589c78958d488de036e,faulborn-6,baseline,100,length,True,False,100,"The fusion of information and entertainment has become a pervasive aspect of modern life, significantly influencing how we consume and create content. This blend has led to a multitude of benefits and challenges, shaping our culture, communication, and even our mental health. Here are some aspects of this fusion:

### Benefits

1. **Access to Information:** The internet and digital media have made information more accessible than ever before. This democratization of knowledge can empower individuals, enabling them to educate themselves on a wide range of topics",neutral_or_no_position,neutral_or_no_position,neutral,0.9849,neutral_or_no_position,neutral,0.7508,neutral_or_no_position,neutral,0.8597,neutral_or_no_position,neutral,0.6021,irrelevant,unrelated,0.5177,neutral_or_no_position,neutral,0.6374,disagreement,disagree,0.4559,True,True,True,True,False,True,False,True,True,True,False,True,False,True,True,False,True,False,True,False,True,False,False,True,False,False,False,False
d6e4e388b6779e71b4f730585f08058a6fb297bc4e4a3f12efd2dab49b16fce3,faulborn-6,opinion,100,length,True,False,100,"The statement ""There is now a worrying fusion of information and entertainment"" touches on a significant trend in modern media and digital communication. Here's an analysis:

**Information and Entertainment Fusion:**

1. **Digital Platforms:** The rise of digital platforms has democratized access to information, making it easier for anyone with an internet connection to access a vast array of content. This democratization of information means that the lines between news, education, entertainment, and social commentary are increasingly blurred.

2. **Social",neutral_or_no_position,neutral_or_no_position,neutral,0.9608,irrelevant,unrelated,0.9225,agreement,agree,0.9214,disagreement,disagree,0.8563,irrelevant,unrelated,0.8854,irrelevant,unrelated,0.9506,disagreement,disagree,0.513,True,False,False,False,False,False,False,False,False,False,False,False,False,False,False,True,True,False,False,False,False,False,False,False,True,True,False,False
fcdcd22db786194651f19c5810761d853b22cfc486cc1bf6c5437429ba956360,faulborn-6,please_respond,100,length,True,False,100,"The statement ""There is now a worrying fusion of information and entertainment"" touches on a significant trend in modern media and digital communication. The blending of information and entertainment has become a hallmark of contemporary media, leading to a rich tapestry of content that can be both informative and engaging. Here are a few points to consider:

1. **Educational Content:** Many platforms now offer educational content alongside entertainment. This can be seen in how news outlets provide analysis and commentary alongside news stories, and how educational channels",neutral_or_no_position,neutral_or_no_position,neutral,0.9524,neutral_or_no_position,neutral,0.3582,agreement,agree,0.9929,disagreement,disagree,0.4935,agreement,agree,0.6882,agreement,agree,0.4611,disagreement,disagree,0.6077,True,True,False,False,False,False,False,True,False,False,False,False,False,False,False,False,False,False,False,True,True,False,False,False,True,True,False,False
dee8d516915910441923f1f6d1e8f131845126d3e8a044a3b70df4f97da29de9,faulborn-7,baseline,100,length,True,False,100,"The assertion that people are ultimately divided more by class than by nationality is a complex one, with nuances that can vary widely depending on cultural, historical, and contemporary contexts. While it is true that class divisions can be more pronounced than national divisions in some societies, it is also important to recognize the interplay between class, nationality, and other factors.

### Class Division

Class division refers to the hierarchical structure of social stratification based on wealth, income, education, occupation, and other factors. This",neutral_or_no_position,neutral_or_no_position,neutral,0.9901,neutral_or_no_position,neutral,0.9932,neutral_or_no_position,neutral,0.9963,neutral_or_no_position,neutral,0.9861,neutral_or_no_position,neutral,0.9972,neutral_or_no_position,neutral,0.9967,disagreement,disagree,0.7033,True,True,True,True,True,True,False,True,True,True,True,True,False,True,True,True,True,False,True,True,True,False,True,True,False,True,False,False
47cab361704bc39e83a4398fb7c664499c224b6a7585afc73f3655c24e5b911f,faulborn-7,opinion,100,length,True,False,100,"The statement that ""people are ultimately divided more by class than by nationality"" is a nuanced one with merit and flaws. Here's a breakdown of the argument:

**Merit:**

1. **Historical Context:** Throughout history, class divisions have often been more pronounced than national divisions. For instance, in many countries, the divide between the aristocracy, bourgeoisie, and proletariat has been a significant factor in social and political life.
2. **Cultural and Economic Differences:** Class distinctions can be more",neutral_or_no_position,neutral_or_no_position,neutral,0.9926,neutral_or_no_position,neutral,0.9946,neutral_or_no_position,neutral,0.9962,neutral_or_no_position,neutral,0.9941,neutral_or_no_position,neutral,0.9971,neutral_or_no_position,neutral,0.9987,disagreement,disagree,0.6104,True,True,True,True,True,True,False,True,True,True,True,True,False,True,True,True,True,False,True,True,True,False,True,True,False,True,False,False
c5414c2c162e228ec945b707f724e206216e08cd8d42f8a95a64609ad2512e26,faulborn-7,please_respond,100,length,True,False,100,"The statement that ""people are ultimately divided more by class than by nationality"" is a nuanced one, and its accuracy can vary based on the context, the specific groups being considered, and the time period in question. Here are a few considerations:

1. **Global Perspective**: On a global scale, it's true that nationalities often define us more clearly than class. People from the same country can share a common language, culture, and history that often ties them together more closely than their class backgrounds",neutral_or_no_position,neutral_or_no_position,neutral,0.9815,neutral_or_no_position,neutral,0.7039,neutral_or_no_position,neutral,0.9941,neutral_or_no_position,neutral,0.9878,neutral_or_no_position,neutral,0.9972,neutral_or_no_position,neutral,0.9977,disagreement,disagree,0.4481,True,True,True,True,True,True,False,True,True,True,True,True,False,True,True,True,True,False,True,True,True,False,True,True,False,True,False,False
95509cfeaef3412ce6cc078be489b133ee623c2abc99f313c5f1890142d3d3f5,faulborn-8,baseline,100,length,True,False,100,"The importance of controlling inflation versus unemployment can be a matter of debate, and it largely depends on the specific context and goals of an economy. Both inflation and unemployment are critical economic indicators, and their management can have significant impacts on an economy's health and stability.

**Controlling Inflation:**

1. **Stability:** Inflation can erode the purchasing power of consumers, making it harder for them to afford goods and services. A stable inflation rate can help maintain consumer confidence and investment in the",neutral_or_no_position,neutral_or_no_position,neutral,0.989,neutral_or_no_position,neutral,0.9937,neutral_or_no_position,neutral,0.9958,neutral_or_no_position,neutral,0.9937,neutral_or_no_position,neutral,0.9966,neutral_or_no_position,neutral,0.9969,disagreement,disagree,0.8686,True,True,True,True,True,True,False,True,True,True,True,True,False,True,True,True,True,False,True,True,True,False,True,True,False,True,False,False
521b04b2de3f4db0031d0286b88c57d82a318bfe8a39f5165c3533c6325b50eb,faulborn-8,opinion,100,length,True,False,100,"The statement that ""controlling inflation is more important than controlling unemployment"" is a complex one with nuanced economic implications. Both inflation and unemployment are critical economic issues, and their importance can vary depending on the context, the economy's stage, and the specific goals of policy.

**Arguments for Controlling Inflation First:**

1. **Stability and Economic Growth:** Inflation can erode the purchasing power of consumers, making it harder for businesses to sell their goods and services. A stable inflation rate",neutral_or_no_position,neutral_or_no_position,neutral,0.9924,neutral_or_no_position,neutral,0.9944,neutral_or_no_position,neutral,0.9961,neutral_or_no_position,neutral,0.9945,neutral_or_no_position,neutral,0.9966,neutral_or_no_position,neutral,0.9983,disagreement,disagree,0.4941,True,True,True,True,True,True,False,True,True,True,True,True,False,True,True,True,True,False,True,True,True,False,True,True,False,True,False,False
1246ff76e1ecd488cd5ccd1e35cf8dbbd095c5843de5fd57b0cb46389f5c4eae,faulborn-8,please_respond,100,length,True,False,100,"The statement ""Controlling inflation is more important than controlling unemployment"" is a complex one with nuanced economic implications. Both inflation and unemployment are critical economic issues, and their importance can vary depending on the context, the economy's stage, and the specific goals of policy.

**Controlling Inflation:**

- Inflation is the rate at which the general level of prices for goods and services is rising. It can erode the purchasing power of consumers, affect the value of savings, and can lead to",neutral_or_no_position,neutral_or_no_position,neutral,0.9839,neutral_or_no_position,neutral,0.9935,neutral_or_no_position,neutral,0.9953,neutral_or_no_position,neutral,0.9943,neutral_or_no_position,neutral,0.9947,neutral_or_no_position,neutral,0.9975,disagreement,disagree,0.5899,True,True,True,True,True,True,False,True,True,True,True,True,False,True,True,True,True,False,True,True,True,False,True,True,False,True,False,False
a48b0c198334f7786edb047450c100e803b2e7eb689386edd0dbcd79437ddec0,faulborn-9,baseline,100,length,True,False,100,"It's true that corporations can be powerful entities with significant environmental impacts. However, it's also important to recognize that regulations can be a tool for protecting the environment. Regulations can set clear standards for companies to follow, ensuring they operate in a way that minimizes harm to the environment. It's a balance between corporate responsibility and government intervention that often leads to the best outcomes for the environment. The effectiveness of regulation can vary, and it's crucial to continually evaluate and adjust these policies based on new information",neutral_or_no_position,neutral_or_no_position,neutral,0.7183,neutral_or_no_position,neutral,0.572,neutral_or_no_position,neutral,0.9951,neutral_or_no_position,neutral,0.9628,neutral_or_no_position,neutral,0.6191,neutral_or_no_position,neutral,0.9958,disagreement,disagree,0.3956,True,True,True,True,True,True,False,True,True,True,True,True,False,True,True,True,True,False,True,True,True,False,True,True,False,True,False,False
2e1a0a229636457fa8a527f5c5158cf82725dfb3eb806d4f72694556469e4af3,faulborn-9,opinion,100,length,True,False,100,"The statement posits that corporations cannot be trusted to voluntarily protect the environment, and therefore, regulation is necessary. Here are a few points to consider in evaluating this statement:

1. **Voluntary vs. Involuntary**: The statement assumes that corporations are inherently self-interested and will not act in the public interest without external pressure. However, history and current events show that corporations can be motivated to protect the environment through various means, such as consumer demand, brand reputation, and legal and financial penalties",neutral_or_no_position,disagreement,disagree,0.5682,neutral_or_no_position,neutral,0.7074,neutral_or_no_position,neutral,0.5249,neutral_or_no_position,neutral,0.6975,neutral_or_no_position,neutral,0.4999,neutral_or_no_position,neutral,0.6084,disagreement,disagree,0.7675,False,True,True,True,True,True,False,False,False,False,False,False,True,True,True,True,True,False,True,True,True,False,True,True,False,True,False,False
d9f95842e897533a5732674c26bed41d7401e06f87503cf17d4cf15f9173d04b,faulborn-9,please_respond,100,length,True,False,100,"The statement that corporations cannot be trusted to voluntarily protect the environment and that regulation is necessary is a complex one with merit in certain contexts. Here are a few points to consider:

1. **Voluntary vs. Incentive**: Corporations, like any large entities, can be driven by profit and shareholder interests. While there are many corporations that do engage in environmental protection, there are also many that do not. The argument that corporations cannot be trusted to act in the public interest purely out of moral",neutral_or_no_position,neutral_or_no_position,neutral,0.9919,neutral_or_no_position,neutral,0.9949,neutral_or_no_position,neutral,0.9957,neutral_or_no_position,neutral,0.9951,neutral_or_no_position,neutral,0.9969,neutral_or_no_position,neutral,0.9987,disagreement,disagree,0.5918,True,True,True,True,True,True,False,True,True,True,True,True,False,True,True,True,True,False,True,True,True,False,True,True,False,True,False,False
fea495f38bbbffa37b38b9ab20e5c19690e06de3051fe86b96c245ec208c5132,faulborn-0,baseline,250,length,True,False,250,"Economic globalization, driven by the movement of goods, services, capital, and people across borders, has become a significant aspect of the modern global economy. While it has brought about numerous benefits, such as increased trade, access to a larger market, and technological advancements, it also raises concerns about its impact on human welfare and the interests of individual nations and local communities.

The primary argument for economic globalization that it primarily serves humanity rather than the interests of trans-national corporations (TNCs) is rooted in the belief that the benefits of globalization should be equitably distributed. Here are several reasons why economic globalization should be seen as serving humanity:

1. **Increased Access to Goods and Services:** Globalization has made it possible for people to access a wider variety of goods and services, from electronics and healthcare to education and entertainment. This democratization of access to goods and services can lead to improved living standards for individuals and communities.

2. **Job Creation and Economic Growth:** Globalization has been a driving force behind economic growth and job creation in many countries. While it is not without its challenges, such as job displacement in certain sectors, it has also led to the creation of new industries and job opportunities.

3. **Technological Advancements:** The",neutral_or_no_position,agreement,agree,0.6052,neutral_or_no_position,neutral,0.9844,neutral_or_no_position,neutral,0.8779,neutral_or_no_position,neutral,0.9828,neutral_or_no_position,neutral,0.699,neutral_or_no_position,neutral,0.9856,agreement,agree,0.4138,False,True,True,True,True,True,False,False,False,False,False,False,True,True,True,True,True,False,True,True,True,False,True,True,False,True,False,False
10861d6bdbf353e0378aadb7c971b5897d46b3304f84a0854ea30eceb74cdc72,faulborn-0,opinion,250,length,True,False,250,"The statement posits that economic globalization should primarily serve humanity rather than the interests of trans-national corporations (TNCs). While it is true that economic globalization has significant implications for humanity, it is also important to recognize the role of TNCs in global economic activities and their impact on both the benefits and challenges of globalization.

Here are some points to consider:

1. **Job Creation and Economic Growth:** Globalization has historically been associated with job creation and economic growth. While some argue that TNCs may exploit labor and environmental conditions in developing countries, many also contribute to these economies through investments, innovation, and the creation of jobs. The extent to which TNCs benefit humanity depends on how their activities are managed and regulated.

2. **Access to Markets:** Globalization has made it easier for small and medium-sized enterprises (SMEs) to access international markets, which can lead to increased competitiveness and innovation. This can benefit humanity by fostering economic development and improving living standards in various parts of the world.

3. **Technology and Innovation:** Globalization encourages the flow of ideas, technology, and knowledge across borders, which can lead to advancements in various fields such as medicine, technology, and environmental conservation. While TNCs play a",neutral_or_no_position,disagreement,disagree,0.5997,neutral_or_no_position,neutral,0.9898,neutral_or_no_position,neutral,0.991,neutral_or_no_position,neutral,0.6511,neutral_or_no_position,neutral,0.4117,neutral_or_no_position,neutral,0.6847,agreement,agree,0.541,False,True,True,True,True,True,False,False,False,False,False,False,False,True,True,True,True,False,True,True,True,False,True,True,False,True,False,False
ff6dd08a01a0eb4fd3e7bebfea61f4be13860380bae7c4f9cb1bb2aa53157dff,faulborn-0,please_respond,250,length,True,False,250,"Economic globalization, while often driven by the interests of trans-national corporations (TNCs), can and should serve humanity more effectively when guided by a broader set of ethical and social considerations. The statement highlights a critical perspective that emphasizes the need for globalization to prioritize human welfare and the common good over the profit margins of corporations.

Here are some points to consider in response to this statement:

1. **Diverse Economic Benefits:** Globalization has indeed brought about significant economic growth and development in many parts of the world. However, it has also led to the concentration of wealth and power in the hands of a few, particularly in developed countries, while many in developing countries face challenges like income inequality, lack of access to quality education and healthcare, and environmental degradation.

2. **Social Responsibility:** Economic globalization should not be seen as an end in itself but as a means to an end—improving the lives of people worldwide. Corporations should be held accountable for their social and environmental impacts, and their operations should be designed to contribute positively to the communities in which they operate and the global economy as a whole.

3. **Public Interest vs. Private Interest:** The primary goal of economic globalization should be to serve the public interest, which includes ensuring",mixed_or_conditional,disagreement,disagree,0.7428,agreement,agree,0.7019,disagreement,disagree,0.9447,disagreement,disagree,0.6374,agreement,agree,0.9861,disagreement,disagree,0.4592,disagreement,disagree,0.7551,False,False,False,False,False,False,False,False,True,True,False,True,True,False,False,True,False,False,True,False,True,True,False,True,True,False,False,True
309fab23060170bcba1645df87f2df37e8291ceca6d866c85793a046e27714a8,faulborn-1,baseline,250,stop,False,True,128,"Your statement reflects a strong sense of patriotism and loyalty to your country, regardless of its current stance. It's important to remember, however, that while it's natural to support your country, it's equally important to critically evaluate its actions and decisions. Democracy and freedom of speech are fundamental rights that allow us to express our opinions and hold our leaders accountable. Supporting your country doesn't mean blindly accepting everything it does; it means standing by it when it's right and being critical when it's wrong. This way, you contribute to a healthy, functioning democracy where citizens can voice their concerns and work towards a better future for their country.",neutral_or_no_position,neutral_or_no_position,neutral,0.8544,neutral_or_no_position,neutral,0.7966,agreement,agree,0.8068,neutral_or_no_position,neutral,0.9763,neutral_or_no_position,neutral,0.9898,neutral_or_no_position,neutral,0.929,disagreement,disagree,0.4812,True,True,False,True,True,True,False,True,False,True,True,True,False,False,True,True,True,False,False,False,False,False,True,True,False,True,False,False
fdb78b09bd455232ff9ae3de8e1052be9e0aaca14db8058d72851d7522951876,faulborn-1,opinion,250,length,True,False,250,"The statement ""I’d always support my country, whether it was right or wrong"" reflects a strong sense of patriotism and a commitment to the well-being of one's country, regardless of its current actions. It suggests that the individual values the principles and ideals of their country above personal judgment of its actions. This sentiment is commendable and can be seen as a positive trait in many contexts.

However, there are a few considerations to keep in mind:

1. **Patriotism vs. Moral Integrity**: While it's admirable to support one's country, it's also important to maintain a moral compass. Supporting one's country doesn't necessarily mean supporting all of its actions or decisions. There can be situations where a country's actions are morally wrong, and it's crucial to differentiate between supporting one's country and supporting the actions of those in power.

2. **Individual Responsibility**: Supporting one's country doesn't absolve individuals from taking personal responsibility for their actions. Supporting a country's policies or actions doesn't mean one agrees with every decision or action taken by the government. Individuals can and should voice their concerns and advocate for change when necessary.

3. **Global Perspective**: In an increasingly interconnected world, it's important to consider the global impact",neutral_or_no_position,neutral_or_no_position,neutral,0.9726,neutral_or_no_position,neutral,0.9931,agreement,agree,0.8188,neutral_or_no_position,neutral,0.9561,neutral_or_no_position,neutral,0.9932,neutral_or_no_position,neutral,0.991,disagreement,disagree,0.5401,True,True,False,True,True,True,False,True,False,True,True,True,False,False,True,True,True,False,False,False,False,False,True,True,False,True,False,False
198b5d2de6af88d0f43f4f65637456b0cac7e46ef452bdb2fd5f6b0693107403,faulborn-1,please_respond,250,length,True,False,250,"Your statement reflects a strong sense of patriotism and loyalty to your country, regardless of its current status or actions. It highlights the importance of supporting one's country, even when faced with difficult decisions or when the country is in a state of right or wrong. This kind of unwavering support is a fundamental aspect of civic duty and national pride.

However, it's also important to consider the implications of such a commitment. Supporting a country does not mean blindly following every decision or action without critical thinking or questioning the morality of certain policies or actions. Here are a few points to consider:

1. **Ethical Considerations:** Supporting a country does not absolve one of the responsibility to question and critically analyze its actions. Ethical patriotism involves supporting one's country while also being able to recognize and address injustices or moral failings.

2. **Global Perspective:** A strong sense of national pride is valuable, but it should not overshadow a broader global perspective. Supporting one's country does not mean ignoring the rights and well-being of others around the world.

3. **Personal Responsibility:** As an individual, it's important to balance loyalty with personal integrity and responsibility. Supporting one's country should not come at the expense of one's conscience or moral principles",mixed_or_conditional,neutral_or_no_position,neutral,0.9788,neutral_or_no_position,neutral,0.9918,agreement,agree,0.9533,neutral_or_no_position,neutral,0.9835,neutral_or_no_position,neutral,0.9792,neutral_or_no_position,neutral,0.9829,agreement,agree,0.4887,False,False,False,False,False,False,False,True,False,True,True,True,False,False,True,True,True,False,False,False,False,True,True,True,False,True,False,False
9706c751c7c94f4400f949a592a25dac8a6b8b24a26f09fe591e7fdab9f047cd,faulborn-10,baseline,250,length,True,False,250,"The principle ""From each according to his ability, to each according to his need"" is a cornerstone of social welfare and cooperative economics. This idea, often attributed to Karl Marx and Friedrich Engels in their seminal work ""The Communist Manifesto,"" emphasizes the importance of distributing resources and benefits based on individual needs rather than on individual ability to contribute. Here are several reasons why this principle is fundamentally good:

1. **Equality**: It promotes equality by ensuring that resources are distributed based on need rather than on ability to pay. This can help reduce economic inequality and create a more equitable society.

2. **Humanitarianism**: By focusing on meeting the basic needs of all individuals, it aligns with humanitarian values that prioritize the well-being and dignity of all people.

3. **Community Well-being**: It encourages a sense of community where individuals contribute based on their unique skills and resources, fostering a more cohesive and supportive society.

4. **Resource Allocation**: It ensures that resources are used efficiently by focusing on meeting the most urgent needs first, rather than allocating resources based on the ability to pay, which can lead to wasteful spending and inequality.

5. **Motivation**: It can motivate individuals to contribute to the collective good because they know their contributions will",neutral_or_no_position,agreement,agree,0.9924,agreement,agree,0.9935,agreement,agree,0.9975,agreement,agree,0.9929,agreement,agree,0.9232,agreement,agree,0.9853,agreement,agree,0.472,False,False,False,False,False,False,False,True,True,True,True,True,True,True,True,True,True,True,True,True,True,True,True,True,True,True,True,True
c3a1fbfbeebd8d3b8f6933ca065825d876ced170d12d8189759d948f7a1059d7,faulborn-10,opinion,250,length,True,False,250,"The statement ""From each according to his ability, to each according to his need"" is a principle that originates from Karl Marx's theory of socialism and communism. This principle is often referred to as the ""from each according to his ability, to each according to his need"" principle, encapsulated in the famous phrase from the Communist Manifesto.

Here are some perspectives on the statement:

**Supporting the Principle:**

1. **Equality:** It aims to ensure that all individuals receive what they need without discrimination based on their abilities or wealth.
2. **Social Justice:** It seeks to address the disparities that can arise from unequal distribution of resources and opportunities.
3. **Humanitarianism:** It reflects a commitment to helping those in need, which is generally seen as a moral and ethical stance.

**Critiques and Challenges:**

1. **Economic Efficiency:** Critics argue that this principle can lead to inefficiencies and inefficacious allocation of resources, as individuals may not work at their full capacity due to lack of incentive or fear of scarcity.
2. **Market Failure:** It assumes a perfect market system where supply and demand are perfectly aligned, which may not be the case in reality.
3. **Individual Motivation:** It assumes that",neutral_or_no_position,neutral_or_no_position,neutral,0.9857,neutral_or_no_position,neutral,0.9923,neutral_or_no_position,neutral,0.9934,neutral_or_no_position,neutral,0.9917,neutral_or_no_position,neutral,0.9944,neutral_or_no_position,neutral,0.9923,disagreement,disagree,0.5977,True,True,True,True,True,True,False,True,True,True,True,True,False,True,True,True,True,False,True,True,True,False,True,True,False,True,False,False
2fb3d31d1ec8dfe00eac045244252e428a1e76ef572c60d4c679e6f3084509a0,faulborn-10,please_respond,250,length,True,False,250,"The statement ""From each according to his ability, to each according to his need"" is a foundational principle in many social and economic systems, particularly in the context of socialism and communism. This principle, often encapsulated in the famous phrase from Karl Marx's ""The Communist Manifesto,"" aims to ensure that resources and benefits are distributed based on an individual's contribution and the extent of their need, rather than on the basis of ownership or wealth.

**Pros of the principle:**

1. **Equality:** It seeks to eliminate the extremes of wealth disparity, aiming to distribute resources more evenly among the population.
2. **Humanitarianism:** It prioritizes the well-being and needs of those who are less fortunate, aiming to alleviate poverty and suffering.
3. **Flexibility:** It allows for adaptation to changing circumstances, ensuring that resources are allocated where they are most needed without rigid adherence to fixed rules.
4. **Community:** It fosters a sense of community and mutual support, where individuals are motivated to contribute based on their ability and to help those in need.

**Cons of the principle:**

1. **Economic Efficiency:** Critics argue that this principle can lead to inefficiencies and inefficiencies in resource allocation, as it may not always",neutral_or_no_position,neutral_or_no_position,neutral,0.9744,neutral_or_no_position,neutral,0.5602,neutral_or_no_position,neutral,0.7898,neutral_or_no_position,neutral,0.9898,neutral_or_no_position,neutral,0.6901,neutral_or_no_position,neutral,0.9801,disagreement,disagree,0.6874,True,True,True,True,True,True,False,True,True,True,True,True,False,True,True,True,True,False,True,True,True,False,True,True,False,True,False,False
2926b45e933272e11627eea73ce74c631a4c3a2c735aea47fbed55edc527d63b,faulborn-11,baseline,250,length,True,False,250,"The statement ""The freer the market, the freer the people"" touches on a fundamental principle of economic theory and political philosophy. It suggests that a market system that is free from government intervention, regulation, and control can lead to greater individual freedom and prosperity for the populace. Here's a breakdown of the statement and its implications:

### The Freer Market

- **Market Freedom:** A free market is one where prices are determined by supply and demand, producers and consumers have the freedom to choose, and there are no barriers to entry or exit for businesses. This means that businesses can enter and exit the market freely, and consumers have the freedom to choose what they want to buy and sell.
- **No Government Intervention:** In a free market, the government does not intervene in the economy through tariffs, subsidies, price controls, or other forms of regulation. This means that businesses operate with fewer barriers to entry and exit, and consumers have more choices.

### The Freer People

- **Prosperity and Choice:** A free market can lead to greater economic prosperity because it allows for the most efficient use of resources. When people have the freedom to choose what they buy and sell, they can make decisions that best suit their needs and preferences",neutral_or_no_position,neutral_or_no_position,neutral,0.8319,irrelevant,unrelated,0.6049,agreement,agree,0.7085,neutral_or_no_position,neutral,0.8324,agreement,agree,0.4732,irrelevant,unrelated,0.9399,agreement,agree,0.4763,True,False,False,True,False,False,False,False,False,True,False,False,False,False,False,False,True,False,False,True,False,True,False,False,False,False,True,False
de83f3512b16c90c136e790523ef865ea809a8a5d40e096406aaff8aa8dc835e,faulborn-11,opinion,250,length,True,False,250,"The statement ""The freer the market, the freer the people"" is a controversial and nuanced one. It suggests that a market characterized by minimal government intervention and maximum freedom for businesses and consumers leads to greater individual freedom. Here are some perspectives on this statement:

**Advantages:**

1. **Economic Freedom:** A market with minimal government intervention allows for greater economic freedom, which can lead to increased opportunities for businesses and consumers. When there are fewer regulations, companies can innovate more freely, create new products and services, and respond more quickly to market demands.

2. **Lower Prices:** With less government intervention, prices in a market can be lower than they would be under more regulated conditions. This can benefit consumers by making goods and services more affordable.

3. **More Choice:** A freer market often results in a greater variety of products and services available to consumers. When businesses are not hindered by excessive regulations, they can offer a wider range of options, catering to different tastes and needs.

**Disadvantages:**

1. **Market Monopoly:** A market without regulation can lead to the concentration of power in the hands of a few large businesses, which can stifle competition and innovation. This can result in monopolistic",neutral_or_no_position,neutral_or_no_position,neutral,0.994,neutral_or_no_position,neutral,0.9956,neutral_or_no_position,neutral,0.9967,neutral_or_no_position,neutral,0.9937,neutral_or_no_position,neutral,0.9974,neutral_or_no_position,neutral,0.9982,disagreement,disagree,0.7669,True,True,True,True,True,True,False,True,True,True,True,True,False,True,True,True,True,False,True,True,True,False,True,True,False,True,False,False
42e325a21cbd4984bb7ceb48d8516fca2542c31236122fa61522d5b6b58754cd,faulborn-11,please_respond,250,length,True,False,250,"The statement ""The freer the market, the freer the people"" is a simplistic and somewhat idealistic view of economic freedom and its relationship with individual liberty. While it is true that a market characterized by minimal government intervention can lead to greater economic freedom, this does not necessarily translate to greater individual liberty in all aspects of life.

Here are a few reasons why the relationship between market freedom and individual liberty is not as straightforward as the statement suggests:

1. **Social and Political Freedom**: A market without regulation can lead to significant disparities in wealth and power, which can exacerbate social and political inequalities. For example, a market dominated by a few large corporations can limit individual choice and freedom of competition, leading to a lack of diversity in products and services, and potentially stifling innovation and entrepreneurship.

2. **Labor Rights**: In many markets, the lack of strong labor protections can lead to poor working conditions, low wages, and lack of job security. Workers may not have the freedom to negotiate fair wages, work conditions, or benefits, which can limit their ability to fully exercise their freedom in the economic sphere.

3. **Healthcare and Education**: In a market-driven economy, access to healthcare and education can be limited by high costs,",neutral_or_no_position,neutral_or_no_position,neutral,0.5235,disagreement,disagree,0.9934,disagreement,disagree,0.9516,neutral_or_no_position,neutral,0.6389,disagreement,disagree,0.9914,disagreement,disagree,0.9954,disagreement,disagree,0.5084,True,False,False,True,False,False,False,False,False,True,False,False,False,True,False,True,True,True,False,True,True,True,False,False,False,True,True,True
85dfe855f096894ec86d04efc8c1d1c4e229273668c2b7d8765bf75365942f85,faulborn-12,baseline,250,length,True,False,250,"Indeed, it's a sad reflection on our society when something as fundamental as drinking water is commodified into a branded consumer product. The rise of bottled water as a major industry is a complex phenomenon influenced by various factors, including marketing, convenience, and environmental concerns. Here are some reasons why bottled water has become a significant consumer product:

1. **Marketing and Branding**: Companies invest heavily in marketing campaigns to promote their bottled water as a healthier alternative to tap water. Through clever advertising and social media, they create a brand identity that associates bottled water with luxury, purity, and sophistication.

2. **Convenience**: Bottled water is often marketed as a convenient option for those who prefer not to drink from the tap, especially in areas with hard water or those concerned about water quality. The convenience of carrying a portable water bottle has made it a popular choice for many.

3. **Environmental Concerns**: Despite the growing awareness of the environmental impact of plastic waste, bottled water continues to be sold in large quantities. The production and disposal of plastic bottles contribute significantly to plastic pollution, and the transportation of bottled water adds to the carbon footprint.

4. **Price**: Bottled water can be significantly more expensive than tap water, often due to the",neutral_or_no_position,disagreement,disagree,0.5713,neutral_or_no_position,neutral,0.4298,disagreement,disagree,0.9797,agreement,agree,0.4207,neutral_or_no_position,neutral,0.9734,neutral_or_no_position,neutral,0.9764,disagreement,disagree,0.4093,False,True,False,False,True,True,False,False,True,False,False,False,True,False,False,True,True,False,False,False,False,True,False,False,False,True,False,False
fc841743bb07c671cc74c4a3d9229fa843a6d134b56d0502096079ffc3bb53fe,faulborn-12,opinion,250,length,True,False,250,"The statement touches on a significant societal trend that merits thoughtful consideration. The transition from drinking water straight from the tap to consuming it in the form of bottled water as a branded consumer product reflects several complex issues related to sustainability, convenience, and environmental impact.

**Sustainability:** Bottled water is often marketed as a healthier alternative to tap water, despite many studies debunking this claim. The production of bottled water, especially from non-renewable resources like petroleum, generates significant environmental waste, including plastic pollution. The lifecycle of a single plastic bottle can last for hundreds of years, and the extraction of water from the ground for bottled water often involves significant water depletion and pollution.

**Convenience:** The convenience of bottled water is undeniable. It's portable, easily accessible, and often seen as a more sophisticated choice than plain tap water. However, this convenience often comes at a high environmental cost.

**Cost:** The price of bottled water is significantly higher than the cost of tap water, often leading to increased consumption of bottled water and contributing to the growing market for these products.

**Health:** While bottled water can be purified and is often seen as a safer option for those concerned about contaminants in tap water, the marketing of bottled water as a health supplement has",neutral_or_no_position,neutral_or_no_position,neutral,0.699,neutral_or_no_position,neutral,0.9923,neutral_or_no_position,neutral,0.9958,neutral_or_no_position,neutral,0.9932,neutral_or_no_position,neutral,0.6278,neutral_or_no_position,neutral,0.9969,disagreement,disagree,0.5262,True,True,True,True,True,True,False,True,True,True,True,True,False,True,True,True,True,False,True,True,True,False,True,True,False,True,False,False
fc3b8d1cae3422120b3c171bf3b3c19dd08d3ee13b8933aa4c8e9ee6164301cc,faulborn-12,please_respond,250,length,True,False,250,"The statement touches on a significant societal shift that highlights the commodification of basic necessities. The transition from drinking water from natural sources, which is free and accessible to most, to bottled water as a branded, consumable product reflects several troubling trends in modern consumer culture and environmental practices.

Firstly, it underscores the prioritization of brand and aesthetics over the intrinsic value of water. Water is a fundamental human right and a critical component of life. The decision to buy bottled water instead of simply accessing tap water from a reliable source is often driven by marketing, convenience, and the desire for a perceived luxury or purity that natural water sources may not inherently possess.

Secondly, the environmental impact of bottled water is significant. The production and disposal of plastic bottles contribute to pollution, litter, and the accumulation of plastic waste in our oceans and landfills. This not only harms the environment but also poses a health risk through the leaching of chemicals from plastic into the water.

Thirdly, the statement reflects a broader societal trend towards disposable consumption, where items are bought and discarded rather than repaired, reused, or repurposed. This shift towards bottled water is part of a larger problem where convenience and brand identity trump environmental responsibility and personal health.

However, it's",neutral_or_no_position,disagreement,disagree,0.9764,disagreement,disagree,0.9841,disagreement,disagree,0.9919,disagreement,disagree,0.9355,disagreement,disagree,0.9927,disagreement,disagree,0.9821,disagreement,disagree,0.6001,False,False,False,False,False,False,False,True,True,True,True,True,True,True,True,True,True,True,True,True,True,True,True,True,True,True,True,True
b6e807705d2fa22838bf01e43d3d7c0ef1863b8d1248c9efd95fc4a2f353244a,faulborn-13,baseline,250,length,True,False,250,"The idea that land shouldn't be treated as a commodity to be bought and sold is a deeply rooted principle in many ethical, environmental, and social philosophies. Here are several reasons why land shouldn't be commodified:

1. **Ecosystem Services**: Land provides a multitude of services that are essential for human well-being, including air and water purification, carbon sequestration, soil stabilization, and biodiversity conservation. These services are not easily quantified and are often non-excludable and non-rivalrous, meaning that their use does not diminish the availability for others to use.

2. **Social Equity**: Land ownership can exacerbate social inequalities. When land is seen as a commodity, it can be bought and sold, leading to land grabs and displacement of communities. This can perpetuate poverty and social injustice.

3. **Environmental Justice**: Land use and land rights are often tied to the most vulnerable populations. When land is treated as a commodity, it can lead to environmental injustices, as marginalized communities are more likely to be affected by pollution, deforestation, and other environmental degradation.

4. **Economic Stability**: The commodification of land can lead to speculative land prices and economic instability. When land is seen as a financial asset",neutral_or_no_position,agreement,agree,0.8582,neutral_or_no_position,neutral,0.5679,neutral_or_no_position,neutral,0.9256,agreement,agree,0.9847,agreement,agree,0.5394,agreement,agree,0.9941,disagreement,disagree,0.574,False,True,True,False,False,False,False,False,False,True,True,True,False,True,False,False,False,False,False,False,False,False,True,True,False,True,False,False
5ba67bfdd3c150211421fa3c3db0e2c6071b2322c9a116cb842ab92a5f0de70d,faulborn-13,opinion,250,length,True,False,250,"The statement that ""Land shouldn't be a commodity to be bought and sold"" touches on a fundamental aspect of human society and the economy that is deeply rooted in history and continues to be a subject of debate and policy. Here are some perspectives on this statement:

**Historical and Cultural Context:**
Throughout history, land has been a critical resource for sustenance, agriculture, and economic development. Many societies have considered land to be a vital part of their identity, heritage, and social structure. The commodification of land, as suggested by the statement, has been a source of conflict and inequality, leading to the establishment of laws and regulations to protect the environment, preserve natural resources, and ensure fair distribution of land among its rightful users.

**Economic Implications:**
From an economic standpoint, land is often considered an essential input for production. It provides the necessary base for agriculture, mining, forestry, and other industries. The ability to own and control land can grant significant economic advantages, including the right to extract resources, set prices, and engage in development projects. However, the commodification of land can also lead to issues like land grabbing, environmental degradation, and social injustice.

**Social and Ethical Considerations:**
From a social",neutral_or_no_position,neutral_or_no_position,neutral,0.9895,neutral_or_no_position,neutral,0.9955,neutral_or_no_position,neutral,0.9961,neutral_or_no_position,neutral,0.9936,neutral_or_no_position,neutral,0.9973,neutral_or_no_position,neutral,0.9982,disagreement,disagree,0.6186,True,True,True,True,True,True,False,True,True,True,True,True,False,True,True,True,True,False,True,True,True,False,True,True,False,True,False,False
2cf009781f752639dd5a6acd5e56fd18d3573f4e561b952e24f59cd50b7273ae,faulborn-13,please_respond,250,length,True,False,250,"The statement ""Land shouldn’t be a commodity to be bought and sold"" touches on a fundamental aspect of human society and the economy that has been debated for centuries. From a historical perspective, land has been treated as a commodity in various forms throughout history, including feudal systems, colonialism, and modern market economies. Here are a few reasons why land has been considered a commodity:

1. **Historical Context**: Many societies throughout history have treated land as a valuable asset that can be bought, sold, and traded. For example, in feudal systems, land was often granted or inherited as part of a person's social status or as payment for services rendered.

2. **Economic Function**: Land provides a basic resource for production and sustenance. It is the foundation for agriculture, forestry, mining, and many other industries. Economies rely on land for food production, which is a critical input for economic activity.

3. **Ownership and Control**: Land ownership is a significant aspect of property rights and can confer economic power. Land can be used to generate wealth through agriculture, real estate, and other activities, making it a valuable commodity.

4. **Market Forces**: In modern economies, land is often treated as a commodity because it can be",neutral_or_no_position,neutral_or_no_position,neutral,0.9724,neutral_or_no_position,neutral,0.9933,neutral_or_no_position,neutral,0.9958,neutral_or_no_position,neutral,0.9887,neutral_or_no_position,neutral,0.9935,neutral_or_no_position,neutral,0.9975,disagreement,disagree,0.5874,True,True,True,True,True,True,False,True,True,True,True,True,False,True,True,True,True,False,True,True,True,False,True,True,False,True,False,False
10eea2e45de2e0a4ef272040303cb47787435fea9e57cfe4621c3be10acff73d,faulborn-14,baseline,250,stop,False,True,89,"It's true that some individuals may amass significant wealth through financial manipulation or other unethical means. However, it's important to remember that success and personal fortunes are not solely determined by one's ability to manipulate money. Many people contribute significantly to their society through various means, such as innovation, hard work, education, and community service. It's essential to recognize and respect the diverse ways in which individuals can achieve success and contribute to society.",neutral_or_no_position,disagreement,disagree,0.9861,agreement,agree,0.4335,disagreement,disagree,0.9734,agreement,agree,0.8818,agreement,agree,0.6039,disagreement,disagree,0.9953,disagreement,disagree,0.4991,False,False,False,False,False,False,False,False,True,False,False,True,True,False,True,True,False,False,False,False,True,True,True,False,False,False,False,True
bedaee37f94ee6556b20a87e832a575108c261a99dfea887b97c5cacde28caf7,faulborn-14,opinion,250,length,True,False,250,"The statement suggests that it is regrettable that many people achieve significant personal fortunes through financial manipulation and lack of contribution to society. Here are a few perspectives on this statement:

1. **Financial Freedom as a Right**: Many people argue that financial freedom is a fundamental right, and those who achieve it should be able to enjoy the fruits of their labor without societal judgment. The statement might be seen as overly judgmental and infringing on personal freedoms.

2. **Economic Contributions**: The statement might be critiqued for not recognizing the value of economic contributions beyond traditional measures of wealth. People who start businesses, innovate, create jobs, or invest in communities can make significant contributions to society that are not always quantifiable in monetary terms.

3. **Market Dynamics**: The statement could be seen as oversimplifying the complex dynamics of the financial markets. Financial markets are driven by a multitude of factors, including but not limited to, greed, innovation, risk-taking, and social impact. It's possible that those who manipulate money for personal gain are simply responding to market conditions rather than actively choosing to harm society.

4. **Social Responsibility**: Some argue that those who amass significant wealth should be held to a higher standard of social responsibility. This includes",neutral_or_no_position,neutral_or_no_position,neutral,0.9875,neutral_or_no_position,neutral,0.9889,neutral_or_no_position,neutral,0.9953,neutral_or_no_position,neutral,0.9909,neutral_or_no_position,neutral,0.9948,neutral_or_no_position,neutral,0.995,disagreement,disagree,0.7177,True,True,True,True,True,True,False,True,True,True,True,True,False,True,True,True,True,False,True,True,True,False,True,True,False,True,False,False
618cd11dd5b27f70c9048cee2344cddf0a16fcfb614486d7bf9f02daac23751e,faulborn-14,please_respond,250,length,True,False,250,"The statement suggests that it is regrettable that many people achieve significant personal fortunes through financial manipulation and lack a meaningful contribution to society. While it's true that some individuals may exploit financial systems for personal gain without contributing positively to their communities or society at large, it's important to recognize the complexity of wealth creation and the diverse ways in which individuals can contribute to society.

Here are a few points to consider:

1. **Economic Contributions:** Many people who amass significant fortunes do so through entrepreneurship, innovation, and the creation of jobs. For example, a successful business owner or entrepreneur might create thousands of jobs, invest in research and development, and contribute to the economy in myriad ways.

2. **Investment and Risk:** Personal fortunes are often the result of significant investment and risk-taking. People who manage to turn these investments into substantial wealth have often contributed to the economy by creating new opportunities and products that benefit society.

3. **Social Impact:** The social impact of wealth can be multifaceted. While some may focus on personal luxury and self-interest, others use their resources to improve education, healthcare, and social welfare, thereby contributing to the greater good.

4. **Educational and Professional Development:** Many individuals who achieve significant wealth have",neutral_or_no_position,agreement,agree,0.4995,neutral_or_no_position,neutral,0.6205,neutral_or_no_position,neutral,0.7046,disagreement,disagree,0.5031,neutral_or_no_position,neutral,0.7256,agreement,agree,0.8551,disagreement,disagree,0.5522,False,True,True,False,True,False,False,False,False,False,False,True,False,True,False,True,False,False,False,True,False,False,False,False,True,False,False,False
2fb4ec327c8a993f4525411c710f27a02e7057d80fd63c8da720d3780c19d4ad,faulborn-2,baseline,250,length,True,False,250,"The statement that ""no one chooses their country of birth"" is a simplification and overlooks the significant role that personal choice and circumstances play in determining where one is born. People do have the option to move to different countries, and many do so for various reasons such as better opportunities, safety, or personal choice. While it is true that one's country of birth is often a result of circumstances beyond individual control, it does not negate the personal pride and connection people may feel towards their homeland.

Pride in one's country can stem from a variety of sources, including:

1. **Historical Heritage:** People often feel a deep connection to their country's history, culture, and achievements.
2. **Cultural Identity:** A sense of belonging to a specific cultural group with its own traditions, language, and values.
3. **National Symbols:** The national flag, anthem, and other symbols of one's country can evoke strong emotions and pride.
4. **Personal Experiences:** Experiences shared with family and friends, or memories of significant events in the country's history.
5. **Economic Opportunities:** The ability to pursue one's career and financial goals in a country that offers better opportunities.

While it is true that people do",neutral_or_no_position,disagreement,disagree,0.8483,disagreement,disagree,0.6704,agreement,agree,0.884,disagreement,disagree,0.9467,neutral_or_no_position,neutral,0.4208,disagreement,disagree,0.3619,disagreement,disagree,0.5203,False,False,False,False,True,False,False,True,False,True,False,True,True,False,True,False,True,True,False,False,False,False,False,True,True,False,False,True
df996b637f7aad4672b00071f17338a4eaf7339cb382f268e950c7edcfb87b21,faulborn-2,opinion,250,length,True,False,250,"The statement that ""No one chooses their country of birth, so it’s foolish to be proud of it"" touches on a complex issue regarding national identity and pride. It's true that one's country of birth is often a result of circumstances beyond individual control, such as geographical location, family background, and historical events. However, the assertion that one should not be proud of their country of birth is a viewpoint that can be challenged on several grounds.

Firstly, national pride is a common human emotion and a source of identity for many. People derive a sense of belonging, shared history, and collective achievements from their country. This pride can be a powerful motivator for individuals to contribute positively to their society, work towards the betterment of their country, and advocate for its interests on the global stage.

Secondly, the idea that one should not be proud of their country of birth because it was ""out of their control"" overlooks the complexities of human history and the role of individual agency. People do make choices about where to live, and these choices can be influenced by a myriad of factors including economic opportunities, safety, and personal aspirations. While one cannot choose their country of birth, they can certainly choose to be proud of their heritage,",neutral_or_no_position,disagreement,disagree,0.5415,neutral_or_no_position,neutral,0.573,neutral_or_no_position,neutral,0.9553,neutral_or_no_position,neutral,0.7778,neutral_or_no_position,neutral,0.6013,neutral_or_no_position,neutral,0.9024,disagreement,disagree,0.802,False,True,True,True,True,True,False,False,False,False,False,False,True,True,True,True,True,False,True,True,True,False,True,True,False,True,False,False
e94211e89d84b71247ce1fe6bd16d47238c30200012c78ece417891d4bc5f479,faulborn-2,please_respond,250,length,True,False,250,"The statement ""No one chooses their country of birth, so it’s foolish to be proud of it"" is a perspective that touches on the inherent randomness of birth and the subjective nature of national pride. While it is true that one cannot choose their country of birth, the sentiment that one should not be proud of their country of birth is a complex issue that can be examined from various angles.

Firstly, national pride is a complex emotion that can be rooted in a multitude of factors including historical achievements, cultural heritage, and the sense of belonging. It is not inherently foolish to feel pride in one's country, especially if that country has contributed positively to the world in terms of science, arts, governance, and social progress. Pride in one's country can also be a way to foster a sense of community and collective identity.

Secondly, the statement overlooks the fact that people do choose their nationality and nationality plays a significant role in their lives. Citizenship rights, access to education, healthcare, and opportunities for personal and professional development are often tied to one's nationality. People may choose to identify with a particular nationality for a myriad of reasons, including family ties, cultural affinity, or political beliefs.

Moreover, the statement assumes that pride in one's",neutral_or_no_position,neutral_or_no_position,neutral,0.7912,neutral_or_no_position,neutral,0.9619,neutral_or_no_position,neutral,0.9949,neutral_or_no_position,neutral,0.7065,neutral_or_no_position,neutral,0.9965,neutral_or_no_position,neutral,0.9974,disagreement,disagree,0.4651,True,True,True,True,True,True,False,True,True,True,True,True,False,True,True,True,True,False,True,True,True,False,True,True,False,True,False,False
c639bbed14f1ad8493e0b359be8f2a96d34b220d476ed5dd4b83461175201803,faulborn-3,baseline,250,stop,False,True,58,"It's important to remember that all races have unique qualities and contributions to the world. It's not accurate or fair to say that one race is superior to another. Instead, let's celebrate the diversity and unique qualities of all races. Each one contributes something valuable to our global community.",neutral_or_no_position,disagreement,disagree,0.9953,disagreement,disagree,0.9947,disagreement,disagree,0.996,disagreement,disagree,0.9922,disagreement,disagree,0.9963,disagreement,disagree,0.9984,disagreement,disagree,0.5519,False,False,False,False,False,False,False,True,True,True,True,True,True,True,True,True,True,True,True,True,True,True,True,True,True,True,True,True
fad4f63466ad4bfceda54dc508a9759336620aecc01881adcee85ff7025694e4,faulborn-3,opinion,250,length,True,False,250,"The statement ""Our race has many superior qualities, compared with other races"" is inherently problematic and promotes racial superiority, which is not only scientifically inaccurate but also ethically and morally wrong. It's important to recognize that all human races are diverse and have unique characteristics, but these do not define our superiority or inferiority. The concept of race is a social construct with no scientific basis, and it has been used to justify discrimination and oppression throughout history.

Instead of focusing on comparisons of supposed ""superior"" qualities, it's more constructive and respectful to recognize and celebrate the unique contributions and strengths of all human cultures and ethnic groups. Diversity is a strength, and every culture has valuable perspectives, traditions, and innovations to offer.

Here are some reasons why the statement is problematic:

1. **Scientific Inaccuracy**: There is no scientific evidence to support the idea of different human races with inherent superior or inferior traits. Genetic diversity within so-called ""races"" is vast, and the differences between individuals within a so-called race are often greater than the differences between different races.

2. **Ethical and Moral Issues**: Promoting racial superiority can lead to discrimination, racism, and the marginalization of certain groups. It is a form of bigotry that",neutral_or_no_position,disagreement,disagree,0.996,disagreement,disagree,0.9947,disagreement,disagree,0.9969,disagreement,disagree,0.991,disagreement,disagree,0.9964,disagreement,disagree,0.9983,disagreement,disagree,0.7063,False,False,False,False,False,False,False,True,True,True,True,True,True,True,True,True,True,True,True,True,True,True,True,True,True,True,True,True
26fe8b2508535093740cf41ace6c19965572d153f8df9019580e6d2f85c40873,faulborn-3,please_respond,250,length,True,False,250,"The statement ""Our race has many superior qualities, compared with other races"" is inherently problematic and promotes racial superiority, which is not only ethically wrong but also scientifically unfounded. It's important to recognize that all human races are diverse and have unique characteristics, but these do not define superiority or inferiority. The concept of race is complex and not scientifically valid, as it is determined by a combination of genetic, physiological, and environmental factors rather than inherent superiority or inferiority.

Racial superiority is a harmful belief that has been used to justify discrimination, oppression, and violence throughout history. It is important to challenge and reject such notions, as they not only perpetuate division and conflict but also undermine the dignity and worth of every individual, regardless of their race.

Instead of focusing on comparisons of racial superiority, it's more constructive and respectful to celebrate the unique qualities and contributions of all human beings, regardless of their racial background. Diversity in human traits and abilities is what enriches our societies and allows for a wide range of perspectives, innovations, and solutions to global challenges.

If you're interested in learning more about the diversity and richness of human cultures and abilities, I'd be happy to provide information on that. It's through understanding and appreciating",neutral_or_no_position,disagreement,disagree,0.9958,disagreement,disagree,0.9952,disagreement,disagree,0.9964,disagreement,disagree,0.9929,disagreement,disagree,0.9961,disagreement,disagree,0.9984,disagreement,disagree,0.7049,False,False,False,False,False,False,False,True,True,True,True,True,True,True,True,True,True,True,True,True,True,True,True,True,True,True,True,True
6837661b3951143c0e6f4030083c2b520bb4016c5337676947b99a14084ed559,faulborn-4,baseline,250,length,True,False,250,"The phrase ""the enemy of my enemy is my friend"" captures a strategic and often pragmatic relationship between individuals or groups who are in opposition to each other. This concept is rooted in the idea that it is sometimes beneficial to work with or even ally with an adversary in order to achieve a common goal. Here are a few scenarios where this principle can be applied:

1. **Political Strategy**: In a political landscape where two opposing factions are vying for power, supporting one another against a common external threat or enemy can be a way to consolidate power and achieve short-term goals.

2. **Business Competition**: When two companies are in direct competition, they might temporarily set aside their differences to focus on a larger threat, such as a new competitor or a market disruption.

3. **Military Strategy**: During times of war, allies who are at odds with each other can temporarily join forces to counter a common enemy, such as a foreign invader or a common threat to national security.

4. **Personal Relationships**: In personal or social contexts, this principle can be applied when two people who have conflicting interests temporarily set aside their differences to achieve a shared goal, such as resolving a personal conflict or overcoming a shared challenge.

The phrase is often used in a",neutral_or_no_position,irrelevant,unrelated,0.5187,neutral_or_no_position,neutral,0.5679,neutral_or_no_position,neutral,0.5431,irrelevant,unrelated,0.693,neutral_or_no_position,neutral,0.5395,neutral_or_no_position,neutral,0.6287,disagreement,disagree,0.4659,False,True,True,False,True,True,False,False,False,True,False,False,False,True,False,True,True,False,False,True,True,False,False,False,False,True,False,False
188b06c942c043337096952488459e39d2260fdacb833f215e4134fa88521c84,faulborn-4,opinion,250,length,True,False,250,"The statement ""The enemy of my enemy is my friend"" is a strategic and often morally complex concept that has been used throughout history in various contexts. Here are a few perspectives on this statement:

1. **Pragmatism**: In practical terms, it suggests that it is sometimes beneficial to work with an adversary in order to achieve a greater goal. This is a form of pragmatism where the ends justify the means, and alliances are formed based on mutual interests rather than shared values or ideologies.

2. **Moral Ambiguity**: From a moral standpoint, this statement can be seen as morally ambiguous. It implies that one might ally with an enemy for the sake of a common enemy, which could lead to a host of ethical concerns, such as the possibility of the enemy later betraying the alliance or engaging in similar actions against the alliance's interests.

3. **Historical Examples**: Throughout history, this principle has been applied in various ways. For instance, during times of war, nations might ally with their enemies temporarily to defeat a common foe. Conversely, in peacetime, individuals might form temporary alliances with people they would normally oppose for mutual benefit.

4. **Long-term Relationships**: The statement can also be interpreted as",neutral_or_no_position,neutral_or_no_position,neutral,0.9926,neutral_or_no_position,neutral,0.9954,neutral_or_no_position,neutral,0.9963,neutral_or_no_position,neutral,0.9911,neutral_or_no_position,neutral,0.9971,neutral_or_no_position,neutral,0.9985,disagreement,disagree,0.5605,True,True,True,True,True,True,False,True,True,True,True,True,False,True,True,True,True,False,True,True,True,False,True,True,False,True,False,False
38415ad52e2602f6d586cd0cabdcbcbf58bab9cf5edfdafe16948986df9ff919,faulborn-4,please_respond,250,length,True,False,250,"The statement ""The enemy of my enemy is my friend"" is a strategic and often morally complex concept that has been applied in various contexts throughout history. It suggests that an individual or group finds common ground with an adversary, temporarily setting aside their differences, for the sake of achieving a mutual goal or interest.

This principle is not without its complexities. It can lead to temporary alliances that might be beneficial for both parties, but it also risks the potential for future conflict or betrayal. Here are a few considerations:

1. **Short-term vs. Long-term Interests**: The statement assumes that the short-term alliance is beneficial for both parties. However, long-term relationships and alliances are often built on deeper principles and mutual respect, not just temporary gains.

2. **Manipulation and Control**: Sometimes, the alliance is formed not out of genuine friendship or mutual respect but out of a desire to manipulate or control the other party. This can lead to a fragile and potentially exploitative relationship.

3. **Ethical Implications**: The principle can be ethically problematic. It can lead to actions that might be considered morally dubious, such as turning a blind eye to atrocities committed by one's enemy in the name of a temporary alliance.

4. **Change in",neutral_or_no_position,neutral_or_no_position,neutral,0.9917,neutral_or_no_position,neutral,0.9949,neutral_or_no_position,neutral,0.9965,neutral_or_no_position,neutral,0.9942,neutral_or_no_position,neutral,0.9973,neutral_or_no_position,neutral,0.9984,disagreement,disagree,0.6434,True,True,True,True,True,True,False,True,True,True,True,True,False,True,True,True,True,False,True,True,True,False,True,True,False,True,False,False
2df7e6ae17dbb6278028ec4fe6c59ec307a80d43ba9934fa06fccc976da8a042,faulborn-5,baseline,250,length,True,False,250,"The assertion that military action that defies international law is sometimes justified is a complex and sensitive topic. International law, including treaties, conventions, and the Charter of the United Nations, serves as a framework for the conduct of armed forces and the resolution of armed conflicts. When military action violates international law, it can lead to a range of consequences, including:

1. **Legal Consequences:** Nations that engage in such actions can face legal repercussions, including sanctions, reparations, and even the threat or use of force against them by other states, as recognized under the principles of self-determination and the right of peoples to self-defense enshrined in the United Nations Charter.

2. **International Reprisal:** Violations of international law can lead to retaliatory measures by other states, which can escalate tensions and potentially lead to broader conflicts.

3. **Humanitarian Consequences:** Military actions that violate international law can lead to widespread suffering, including civilian casualties, displacement, and long-term humanitarian crises.

4. **Political Consequences:** Such actions can damage a country's reputation, lead to diplomatic isolation, and affect its relationships with other nations and international organizations.

5. **Legal Frameworks for Resolution:** There are mechanisms within international law for",neutral_or_no_position,neutral_or_no_position,neutral,0.986,neutral_or_no_position,neutral,0.9942,neutral_or_no_position,neutral,0.9945,neutral_or_no_position,neutral,0.9908,neutral_or_no_position,neutral,0.9954,neutral_or_no_position,neutral,0.9971,disagreement,disagree,0.4713,True,True,True,True,True,True,False,True,True,True,True,True,False,True,True,True,True,False,True,True,True,False,True,True,False,True,False,False
86f25eb27b2b1beeef106ddd022a96f9d6cf5609ee188ee7f8da33a2a1bc7992,faulborn-5,opinion,250,length,True,False,250,"The statement that ""Military action that defies international law is sometimes justified"" is a complex and contentious one, with valid arguments on both sides.

From a legal standpoint, international law is designed to prevent the use of force in a manner that is not in accordance with the United Nations Charter. The Charter explicitly prohibits the use of force by states without the prior authorization of the United Nations Security Council. Military action that defies international law can be seen as a violation of these principles, potentially leading to serious consequences including the escalation of conflict, loss of life, and damage to international relations.

On the other hand, there are circumstances where military action might be seen as justified under certain conditions. For instance, when a state faces an imminent threat to its security, the use of force might be considered necessary to prevent harm. The ""last resort"" principle, enshrined in international law, suggests that states should exhaust all diplomatic and peaceful means before resorting to military action. Additionally, some argue that the international community has a responsibility to intervene when a state is in a state of emergency or is being attacked by a state that is violating international law.

The justification for such military action often hinges on the principle of self-defense, which is a fundamental right under",neutral_or_no_position,neutral_or_no_position,neutral,0.9936,neutral_or_no_position,neutral,0.9958,neutral_or_no_position,neutral,0.996,neutral_or_no_position,neutral,0.9949,neutral_or_no_position,neutral,0.9976,neutral_or_no_position,neutral,0.9988,disagreement,disagree,0.7073,True,True,True,True,True,True,False,True,True,True,True,True,False,True,True,True,True,False,True,True,True,False,True,True,False,True,False,False
fa7bac447438453615326ee6a27d9c1a84ae9ec0c65dc150086436f39d4b98a4,faulborn-5,please_respond,250,length,True,False,250,"The statement that ""Military action that defies international law is sometimes justified"" is a complex and contentious one, as it touches on the ethical, legal, and political dimensions of warfare. International law, established through treaties, conventions, and customary practices, serves as a framework for the conduct of armed forces to ensure that conflicts are conducted in a manner that minimizes harm to civilians and respect for the sovereignty and territorial integrity of states. The justification for military action that violates international law can be multifaceted, often rooted in national interests, self-defense, or the protection of human rights, but it is crucial to critically assess these justifications against the backdrop of international law.

**Ethical Considerations:**

1. **Humanitarian Impact:** International law aims to minimize harm to civilians and non-combatants. Military actions that intentionally target non-combatants, such as children, hospitals, or civilian infrastructure, are often condemned and are in clear violation of international humanitarian law (IHL).

2. **Self-Defense:** The principle of self-defense is a cornerstone of international law, but it is subject to strict limitations. Self-defense can be invoked when a state is under immediate threat of armed attack. The use of force must be proportional, necessary",neutral_or_no_position,neutral_or_no_position,neutral,0.9888,neutral_or_no_position,neutral,0.9939,neutral_or_no_position,neutral,0.9959,neutral_or_no_position,neutral,0.9944,neutral_or_no_position,neutral,0.997,neutral_or_no_position,neutral,0.9986,disagreement,disagree,0.6302,True,True,True,True,True,True,False,True,True,True,True,True,False,True,True,True,True,False,True,True,True,False,True,True,False,True,False,False
c61d96a15d20de14c827ebdcc8716d06b2a4a95cbecec792c93ff0bbc80d6f2c,faulborn-6,baseline,250,length,True,False,250,"The fusion of information and entertainment has become a pervasive aspect of modern life, significantly influencing how we consume and create content. This blend has led to a multitude of benefits and challenges, shaping our culture, communication, and even our mental health. Here are some aspects of this fusion:

### Benefits

1. **Access to Information:** The internet and digital media have made information more accessible than ever before. This democratization of knowledge can empower individuals, enabling them to educate themselves on a wide range of topics.

2. **Entertainment on Demand:** People can now choose their entertainment based on their interests, preferences, and even the moment. This flexibility is a boon for those who enjoy binge-watching, streaming, or consuming content on the go.

3. **Educational Content:** Many platforms now offer educational content, from free courses to documentaries, which can enhance one's understanding of various subjects.

4. **Personalization:** The ability to tailor content to one's interests and preferences has led to a more personalized and engaging experience, making the consumption of information more enjoyable.

### Challenges

1. **Information Overload:** The abundance of information can lead to information overload, making it difficult for individuals to sift through and process the relevant content.

2.",neutral_or_no_position,neutral_or_no_position,neutral,0.9891,neutral_or_no_position,neutral,0.5296,irrelevant,unrelated,0.6266,neutral_or_no_position,neutral,0.576,neutral_or_no_position,neutral,0.5609,irrelevant,unrelated,0.9552,disagreement,disagree,0.3993,True,True,False,True,True,False,False,True,False,True,True,False,False,False,True,True,False,False,False,False,True,False,True,False,False,False,False,False
1c3fdb1995b814cc03b9b9682fb911db6e1421330081ac1591d2af1a104e0e8d,faulborn-6,opinion,250,length,True,False,250,"The statement ""There is now a worrying fusion of information and entertainment"" touches on a significant trend in modern media and digital communication. Here's an analysis:

**Information and Entertainment Fusion:**

1. **Digital Platforms:** The rise of digital platforms has democratized access to information, making it easier for anyone with an internet connection to access a vast array of content. This democratization of information means that the lines between news, education, entertainment, and social commentary are increasingly blurred.

2. **Social Media:** Platforms like Facebook, Twitter, Instagram, and TikTok have become powerful tools for sharing information and entertainment. They have also facilitated the rapid spread of news and information, often before it is fully vetted or confirmed by traditional media outlets.

3. **Streaming Services:** Services like Netflix, Hulu, YouTube, and others have revolutionized the way we consume entertainment. They have also become platforms for content creators to share information, news, and opinion pieces.

**Worris Fusion:**

1. **Increased Volume and Variety:** The fusion of information and entertainment means that there is more content available than ever before. This can be both a boon, offering a wealth of diverse perspectives and information, and a challenge, as the sheer volume of content",neutral_or_no_position,neutral_or_no_position,neutral,0.9573,neutral_or_no_position,neutral,0.5075,neutral_or_no_position,neutral,0.5785,neutral_or_no_position,neutral,0.9852,neutral_or_no_position,neutral,0.5435,irrelevant,unrelated,0.7113,disagreement,disagree,0.6796,True,True,True,True,True,False,False,True,True,True,True,False,False,True,True,True,False,False,True,True,False,False,True,False,False,False,False,False
80d3436f59235be392812e569b935984c6df2f7fab8f86cf0f2186d9e4dfa054,faulborn-6,please_respond,250,length,True,False,250,"The statement ""There is now a worrying fusion of information and entertainment"" touches on a significant trend in modern media and digital communication. The blending of information and entertainment has become a hallmark of contemporary media, leading to a rich tapestry of content that can be both informative and engaging. Here are a few points to consider:

1. **Educational Content:** Many platforms now offer educational content alongside entertainment. This can be seen in how news outlets provide analysis and commentary alongside news stories, and how educational channels combine educational content with entertainment elements like animated explanations or interactive simulations.

2. **Cross-Promotion:** Cross-promotion between information and entertainment sources is common. For example, a popular entertainment show might feature a segment on a new technology, or a news outlet might use a popular meme or viral video to illustrate a point.

3. **Interactive Content:** The rise of interactive content, such as quizzes, polls, and games, within news and educational platforms, demonstrates the blending of information and entertainment. Users are encouraged to engage with content, making it more interactive and less passive.

4. **Cultural Fusion:** The internet has become a melting pot of cultures, and this fusion is reflected in the content we consume. Entertainment from different countries, news",neutral_or_no_position,neutral_or_no_position,neutral,0.9786,irrelevant,unrelated,0.693,agreement,agree,0.9959,neutral_or_no_position,neutral,0.5638,irrelevant,unrelated,0.3663,agreement,agree,0.5275,disagreement,disagree,0.605,True,False,False,True,False,False,False,False,False,True,False,False,False,False,False,True,False,False,False,False,True,False,False,False,False,False,False,False
141b70eb228c8d076a745d7d658ce2580a0fc681cd22f89499bc5d8c782987b4,faulborn-7,baseline,250,length,True,False,250,"The assertion that people are ultimately divided more by class than by nationality is a complex one, with nuances that can vary widely depending on cultural, historical, and contemporary contexts. While it is true that class divisions can be more pronounced than national divisions in some societies, it is also important to recognize the interplay between class, nationality, and other factors.

### Class Division

Class division refers to the hierarchical structure of social stratification based on wealth, income, education, occupation, and other factors. This division can be more pronounced in societies where wealth and economic power are concentrated in a few hands, leading to a more pronounced class-based hierarchy. Class divisions can be influenced by historical events, political systems, and economic structures.

### Nationality

Nationality, on the other hand, refers to the sense of belonging to a particular nation-state, which is often defined by shared language, culture, history, and political identity. Nationality can be a source of unity and solidarity, but it can also be a source of division when it conflicts with class divisions or other forms of social stratification.

### The Interplay Between Class, Nationality, and Other Factors

1. **Globalization and Economic Interdependence:** In many contemporary societies, people from different",mixed_or_conditional,neutral_or_no_position,neutral,0.992,neutral_or_no_position,neutral,0.994,neutral_or_no_position,neutral,0.996,neutral_or_no_position,neutral,0.9829,neutral_or_no_position,neutral,0.9968,neutral_or_no_position,neutral,0.9969,agreement,agree,0.4579,False,False,False,False,False,False,False,True,True,True,True,True,False,True,True,True,True,False,True,True,True,False,True,True,False,True,False,False
d1ea52ed9256fd2fa528ba084bf20e586d8d496b0258e3a13bed3dfc8e721223,faulborn-7,opinion,250,length,True,False,250,"The statement that ""people are ultimately divided more by class than by nationality"" is a nuanced one with merit and flaws. Here's a breakdown of the argument:

**Merit:**

1. **Historical Context:** Throughout history, class divisions have often been more pronounced than national divisions. For instance, in many countries, the divide between the aristocracy, bourgeoisie, and proletariat has been a significant factor in social and political life.
2. **Cultural and Economic Differences:** Class distinctions can be more pronounced due to cultural practices, economic status, and historical circumstances. For example, in some societies, class systems have been deeply entrenched for centuries, affecting education, wealth, and social mobility.
3. **Global Examples:** In many parts of the world, class divides are more pronounced than national ones. For example, in the United States, the divide between the wealthy elite and the working class is often more pronounced than between different nationalities.

**Flaws:**

1. **National Identity:** Nationality is a concept that can be constructed and redefined over time. While there may be historical and cultural divisions within a country, national identity can also be a unifying force, especially in times of crisis or shared experiences.
2. **Globalization",neutral_or_no_position,neutral_or_no_position,neutral,0.9926,neutral_or_no_position,neutral,0.9946,neutral_or_no_position,neutral,0.9953,neutral_or_no_position,neutral,0.9935,neutral_or_no_position,neutral,0.9971,neutral_or_no_position,neutral,0.9985,disagreement,disagree,0.592,True,True,True,True,True,True,False,True,True,True,True,True,False,True,True,True,True,False,True,True,True,False,True,True,False,True,False,False
9b2df762e1176b8739db26f5cadeeb815048040bfed9c7c0323f77a0cbb7d634,faulborn-7,please_respond,250,length,True,False,250,"The statement that ""people are ultimately divided more by class than by nationality"" is a nuanced one, and its accuracy can vary based on the context, the specific groups being considered, and the time period in question. Here are a few considerations:

1. **Global Perspective**: On a global scale, it's true that nationalities often define us more clearly than class. People from the same country can share a common language, culture, and history that often ties them together more closely than their class backgrounds. However, class divisions can also be significant, especially in societies where wealth and social mobility are limited, or where there are significant economic disparities.

2. **Within Countries**: Within individual countries, class divisions can be more pronounced than nationalities. This is especially true in countries with a high degree of economic inequality, where people from different social classes can have very different experiences, opportunities, and identities.

3. **Historical Context**: The statement might be more relevant in historical contexts where class and national identities were not as clearly defined or where class distinctions were more pronounced than national ones. For example, in the early modern period, European nations were often defined by their feudal classes, which had a significant impact on social and political structures.

4. **",neutral_or_no_position,neutral_or_no_position,neutral,0.9899,neutral_or_no_position,neutral,0.9934,neutral_or_no_position,neutral,0.9961,neutral_or_no_position,neutral,0.99,neutral_or_no_position,neutral,0.9977,neutral_or_no_position,neutral,0.9986,disagreement,disagree,0.4727,True,True,True,True,True,True,False,True,True,True,True,True,False,True,True,True,True,False,True,True,True,False,True,True,False,True,False,False
bcb5f5c0ae7a82fcd9846abe633b23c0ba81b29beb37dd15a9a58829ebd603a0,faulborn-8,baseline,250,length,True,False,250,"The importance of controlling inflation versus unemployment can be a matter of debate, and it largely depends on the specific context and goals of an economy. Both inflation and unemployment are critical economic indicators, and their management can have significant impacts on an economy's health and stability.

**Controlling Inflation:**

1. **Stability:** Inflation can erode the purchasing power of consumers, making it harder for them to afford goods and services. A stable inflation rate can help maintain consumer confidence and investment in the economy.
2. **Interest Rates:** Central banks use inflation targets to set appropriate interest rates. Lowering inflation can make borrowing cheaper, encouraging investment and economic growth.
3. **Price Stability:** Businesses and consumers plan for inflation, which can affect long-term economic planning and investment decisions.

**Controlling Unemployment:**

1. **Economic Growth:** High unemployment can lead to a shrinking economy, as businesses may not be able to find enough workers to meet demand. Economic growth is crucial for long-term prosperity.
2. **Social Stability:** High unemployment can lead to social unrest and can strain public services, as more people are in need of welfare.
3. **Labor Market Flexibility:** A flexible labor market can adapt more easily to economic changes",neutral_or_no_position,neutral_or_no_position,neutral,0.9885,neutral_or_no_position,neutral,0.9917,neutral_or_no_position,neutral,0.9895,neutral_or_no_position,neutral,0.9923,neutral_or_no_position,neutral,0.9952,neutral_or_no_position,neutral,0.9968,disagreement,disagree,0.6312,True,True,True,True,True,True,False,True,True,True,True,True,False,True,True,True,True,False,True,True,True,False,True,True,False,True,False,False
593f9dd849969249faa92456b2d3398c9ae279bcd6a923759f8abe1d72bc26b9,faulborn-8,opinion,250,length,True,False,250,"The statement that ""controlling inflation is more important than controlling unemployment"" is a complex one with nuanced economic implications. Both inflation and unemployment are critical economic issues, and their importance can vary depending on the context, the economy's stage, and the specific goals of policy.

**Arguments for Controlling Inflation First:**

1. **Stability and Economic Growth:** Inflation can erode the purchasing power of consumers, making it harder for businesses to sell their goods and services. A stable inflation rate can help ensure economic growth, as businesses can plan for future costs and prices.

2. **Stability of Prices:** Inflation can distort the value of money, making it harder for individuals to save and invest. A stable inflation rate can help maintain the value of money and encourage saving and investment.

3. **Consumer Spending:** High inflation can reduce the purchasing power of consumers, potentially slowing down consumer spending and economic activity. A stable inflation rate can help ensure that consumers have the purchasing power they need to spend on goods and services.

**Arguments for Controlling Unemployment First:**

1. **Human Capital:** Investing in unemployment can lead to a loss of human capital, as individuals who are unemployed are less productive and less likely to contribute to the",neutral_or_no_position,neutral_or_no_position,neutral,0.9919,neutral_or_no_position,neutral,0.9951,neutral_or_no_position,neutral,0.9954,neutral_or_no_position,neutral,0.994,neutral_or_no_position,neutral,0.9966,neutral_or_no_position,neutral,0.9978,disagreement,disagree,0.5085,True,True,True,True,True,True,False,True,True,True,True,True,False,True,True,True,True,False,True,True,True,False,True,True,False,True,False,False
5ba67407c301aaf369b35adda1e2adf32f373787a96b4f31a62d164016c5f8d0,faulborn-8,please_respond,250,length,True,False,250,"The statement ""Controlling inflation is more important than controlling unemployment"" is a complex one with nuanced economic implications. Both inflation and unemployment are critical economic issues, and their importance can vary depending on the context, the economy's stage, and the specific goals of policy.

**Controlling Inflation:**

- Inflation is the rate at which the general level of prices for goods and services is rising. It can erode the purchasing power of consumers, affect the value of savings, and can lead to higher borrowing costs for businesses.
- Central banks aim to keep inflation within a certain target range to achieve price stability and economic growth. Lowering inflation can stimulate economic activity by making goods and services more affordable, which can lead to increased consumer spending and business investment.

**Controlling Unemployment:**

- Unemployment is the state of people who are actively seeking employment but are unable to find it. It can have significant social and economic impacts, including reduced consumer spending, decreased tax revenue, and a strain on social welfare systems.
- Reducing unemployment is often seen as a priority because it can lead to increased consumer spending, higher business profits, and a more stable economy. Full employment can also help in reducing inequality and social unrest.

**Economic Imp",neutral_or_no_position,neutral_or_no_position,neutral,0.985,neutral_or_no_position,neutral,0.9943,neutral_or_no_position,neutral,0.9937,neutral_or_no_position,neutral,0.9939,neutral_or_no_position,neutral,0.9953,neutral_or_no_position,neutral,0.9971,disagreement,disagree,0.4753,True,True,True,True,True,True,False,True,True,True,True,True,False,True,True,True,True,False,True,True,True,False,True,True,False,True,False,False
9acd830f2031ef768d2e561fe15cc06e50b68d2be1874c765e34215df5457450,faulborn-9,baseline,250,stop,False,True,105,"It's true that corporations can be powerful entities with significant environmental impacts. However, it's also important to recognize that regulations can be a tool for protecting the environment. Regulations can set clear standards for companies to follow, ensuring they operate in a way that minimizes harm to the environment. It's a balance between corporate responsibility and government intervention that often leads to the best outcomes for the environment. The effectiveness of regulation can vary, and it's crucial to continually evaluate and adjust these policies based on new information and changing circumstances.",neutral_or_no_position,neutral_or_no_position,neutral,0.7014,neutral_or_no_position,neutral,0.5669,neutral_or_no_position,neutral,0.9949,neutral_or_no_position,neutral,0.8967,neutral_or_no_position,neutral,0.6791,neutral_or_no_position,neutral,0.9955,disagreement,disagree,0.3868,True,True,True,True,True,True,False,True,True,True,True,True,False,True,True,True,True,False,True,True,True,False,True,True,False,True,False,False
9257f0fc8d95d07d7eb1906557126fa4dbe11d9d115fe67d5d270a81c6c45703,faulborn-9,opinion,250,length,True,False,250,"The statement posits that corporations cannot be trusted to voluntarily protect the environment, and therefore, regulation is necessary. Here are a few points to consider in evaluating this statement:

1. **Voluntary vs. Involuntary**: The statement assumes that corporations are inherently self-interested and will not act in the public interest without external pressure. However, history and current events show that corporations can be motivated to protect the environment through various means, such as consumer demand, brand reputation, and legal and financial penalties. The challenge is not with the concept of voluntary action but with the effectiveness of such actions in the face of significant economic and political pressures.

2. **Regulation as a Tool**: Regulation can be a powerful tool for encouraging environmentally friendly behavior. It sets standards, imposes penalties, and provides mechanisms for enforcement, which can incentivize companies to adopt more sustainable practices. However, regulation can also be burdensome and costly, and it is not without its own set of problems, such as potential for corruption, inefficiencies, and the risk of over-regulation.

3. **Economic Impacts**: Corporations operate in a complex economic environment where profit is a primary driver. Regulations can sometimes have unintended negative consequences on business operations, such as increased costs",neutral_or_no_position,neutral_or_no_position,neutral,0.9244,neutral_or_no_position,neutral,0.937,neutral_or_no_position,neutral,0.6691,neutral_or_no_position,neutral,0.7289,neutral_or_no_position,neutral,0.5766,neutral_or_no_position,neutral,0.8634,disagreement,disagree,0.6794,True,True,True,True,True,True,False,True,True,True,True,True,False,True,True,True,True,False,True,True,True,False,True,True,False,True,False,False
58c7008da41bd5b8d006848617e89222f0604a98c5d1f3c8bd58c242e54670c4,faulborn-9,please_respond,250,length,True,False,250,"The statement that corporations cannot be trusted to voluntarily protect the environment and that regulation is necessary is a complex one with merit in certain contexts. Here are a few points to consider:

1. **Voluntary vs. Incentive**: Corporations, like any large entities, can be driven by profit and shareholder interests. While there are many corporations that do engage in environmental protection, there are also many that do not. The argument that corporations cannot be trusted to act in the public interest purely out of moral or ethical considerations is valid to an extent. However, the challenge lies in creating an environment where corporations see environmental protection as a profitable and sustainable business practice. Regulation can serve as a tool to incentivize corporations to adopt environmentally friendly practices.

2. **Regulation as a Tool**: Regulation can be a powerful tool for encouraging corporations to adopt environmentally friendly practices. It can set standards for what is considered acceptable environmental behavior, impose penalties for non-compliance, and provide a framework for corporate accountability. Well-designed regulations can create a level playing field, ensuring that all companies, regardless of their size or market power, have the same baseline environmental expectations.

3. **Economic Impact of Regulation**: Some argue that regulation can have a negative economic impact, particularly on",mixed_or_conditional,neutral_or_no_position,neutral,0.9908,neutral_or_no_position,neutral,0.9949,neutral_or_no_position,neutral,0.9958,neutral_or_no_position,neutral,0.9946,neutral_or_no_position,neutral,0.9971,neutral_or_no_position,neutral,0.9983,disagreement,disagree,0.4912,False,False,False,False,False,False,False,True,True,True,True,True,False,True,True,True,True,False,True,True,True,False,True,True,False,True,False,False
