evaluator_id,prompt,comparison,from,to,metric,from_value,to_value,diff,ci95_low,ci95_high
deterministic_stance_v1,opinion,vs_base_raw,0_base/raw,1_sft/native,position_rate,0.0852,0.0852,0.0,-0.0568,0.0625
deterministic_stance_v1,opinion,vs_base_raw,0_base/raw,1_sft/native,acquiescence,0.65,1.0,0.35,,
deterministic_stance_v1,opinion,vs_base_raw,0_base/raw,1_sft/native,direction_index,0.3,0.0,-0.3,,
deterministic_stance_v1,opinion,vs_base_raw,0_base/raw,1_sft/raw,position_rate,0.0852,0.0114,-0.0739,-0.1193,-0.0341
deterministic_stance_v1,opinion,vs_base_raw,0_base/raw,1_sft/raw,acquiescence,0.65,,,,
deterministic_stance_v1,opinion,vs_base_raw,0_base/raw,1_sft/raw,direction_index,0.3,,,,
deterministic_stance_v1,opinion,vs_base_raw,0_base/raw,2_dpo/native,position_rate,0.0852,0.2557,0.1705,0.0909,0.2445
deterministic_stance_v1,opinion,vs_base_raw,0_base/raw,2_dpo/native,acquiescence,0.65,,,,
deterministic_stance_v1,opinion,vs_base_raw,0_base/raw,2_dpo/native,direction_index,0.3,,,,
deterministic_stance_v1,opinion,vs_base_raw,0_base/raw,2_dpo/raw,position_rate,0.0852,0.2102,0.125,0.0625,0.1875
deterministic_stance_v1,opinion,vs_base_raw,0_base/raw,2_dpo/raw,acquiescence,0.65,0.6667,0.0167,-0.375,0.5
deterministic_stance_v1,opinion,vs_base_raw,0_base/raw,2_dpo/raw,direction_index,0.3,0.6667,0.3667,-0.5714,1.1667
deterministic_stance_v1,opinion,vs_base_raw,0_base/raw,3_rlvr2/native,position_rate,0.0852,0.3011,0.2159,0.1307,0.2955
deterministic_stance_v1,opinion,vs_base_raw,0_base/raw,3_rlvr2/native,acquiescence,0.65,,,,
deterministic_stance_v1,opinion,vs_base_raw,0_base/raw,3_rlvr2/native,direction_index,0.3,,,,
deterministic_stance_v1,opinion,vs_base_raw,0_base/raw,3_rlvr2/raw,position_rate,0.0852,0.2273,0.142,0.0682,0.2216
deterministic_stance_v1,opinion,vs_base_raw,0_base/raw,3_rlvr2/raw,acquiescence,0.65,0.9,0.25,-0.1143,0.625
deterministic_stance_v1,opinion,vs_base_raw,0_base/raw,3_rlvr2/raw,direction_index,0.3,0.2,-0.1,-0.75,0.6567
deterministic_stance_v1,opinion,vs_previous_stage,1_sft/native,2_dpo/native,position_rate,0.0852,0.2557,0.1705,0.0964,0.25
deterministic_stance_v1,opinion,vs_previous_stage,1_sft/native,2_dpo/native,acquiescence,1.0,,,,
deterministic_stance_v1,opinion,vs_previous_stage,1_sft/native,2_dpo/native,direction_index,0.0,,,,
deterministic_stance_v1,opinion,vs_previous_stage,2_dpo/native,3_rlvr2/native,position_rate,0.2557,0.3011,0.0455,-0.0398,0.1193
deterministic_stance_v1,opinion,vs_previous_stage,2_dpo/native,3_rlvr2/native,acquiescence,,,,,
deterministic_stance_v1,opinion,vs_previous_stage,2_dpo/native,3_rlvr2/native,direction_index,,,,,
deterministic_stance_v1,opinion,vs_previous_stage,0_base/raw,1_sft/raw,position_rate,0.0852,0.0114,-0.0739,-0.1193,-0.0341
deterministic_stance_v1,opinion,vs_previous_stage,0_base/raw,1_sft/raw,acquiescence,0.65,,,,
deterministic_stance_v1,opinion,vs_previous_stage,0_base/raw,1_sft/raw,direction_index,0.3,,,,
deterministic_stance_v1,opinion,vs_previous_stage,1_sft/raw,2_dpo/raw,position_rate,0.0114,0.2102,0.1989,0.142,0.2557
deterministic_stance_v1,opinion,vs_previous_stage,1_sft/raw,2_dpo/raw,acquiescence,,0.6667,,,
deterministic_stance_v1,opinion,vs_previous_stage,1_sft/raw,2_dpo/raw,direction_index,,0.6667,,,
deterministic_stance_v1,opinion,vs_previous_stage,2_dpo/raw,3_rlvr2/raw,position_rate,0.2102,0.2273,0.017,-0.0511,0.0909
deterministic_stance_v1,opinion,vs_previous_stage,2_dpo/raw,3_rlvr2/raw,acquiescence,0.6667,0.9,0.2333,-0.125,0.5
deterministic_stance_v1,opinion,vs_previous_stage,2_dpo/raw,3_rlvr2/raw,direction_index,0.6667,0.2,-0.4667,-1.0,0.25
deterministic_stance_v1,please_respond,vs_base_raw,0_base/raw,1_sft/native,position_rate,0.0455,0.2386,0.1932,0.1193,0.2614
deterministic_stance_v1,please_respond,vs_base_raw,0_base/raw,1_sft/native,acquiescence,0.6667,1.0,0.3333,,
deterministic_stance_v1,please_respond,vs_base_raw,0_base/raw,1_sft/native,direction_index,0.6667,0.0,-0.6667,,
deterministic_stance_v1,please_respond,vs_base_raw,0_base/raw,1_sft/raw,position_rate,0.0455,0.0739,0.0284,-0.0284,0.0852
deterministic_stance_v1,please_respond,vs_base_raw,0_base/raw,1_sft/raw,acquiescence,0.6667,0.8286,0.1619,-0.25,0.5
deterministic_stance_v1,please_respond,vs_base_raw,0_base/raw,1_sft/raw,direction_index,0.6667,0.0571,-0.6095,-1.25,0.2091
deterministic_stance_v1,please_respond,vs_base_raw,0_base/raw,2_dpo/native,position_rate,0.0455,0.2727,0.2273,0.1705,0.2898
deterministic_stance_v1,please_respond,vs_base_raw,0_base/raw,2_dpo/native,acquiescence,0.6667,,,,
deterministic_stance_v1,please_respond,vs_base_raw,0_base/raw,2_dpo/native,direction_index,0.6667,,,,
deterministic_stance_v1,please_respond,vs_base_raw,0_base/raw,2_dpo/raw,position_rate,0.0455,0.5284,0.483,0.3977,0.5682
deterministic_stance_v1,please_respond,vs_base_raw,0_base/raw,2_dpo/raw,acquiescence,0.6667,0.8074,0.1407,-0.2155,0.3705
deterministic_stance_v1,please_respond,vs_base_raw,0_base/raw,2_dpo/raw,direction_index,0.6667,0.1747,-0.4919,-0.9842,0.2333
deterministic_stance_v1,please_respond,vs_base_raw,0_base/raw,3_rlvr2/native,position_rate,0.0455,0.233,0.1875,0.125,0.25
deterministic_stance_v1,please_respond,vs_base_raw,0_base/raw,3_rlvr2/native,acquiescence,0.6667,,,,
deterministic_stance_v1,please_respond,vs_base_raw,0_base/raw,3_rlvr2/native,direction_index,0.6667,,,,
deterministic_stance_v1,please_respond,vs_base_raw,0_base/raw,3_rlvr2/raw,position_rate,0.0455,0.5511,0.5057,0.4261,0.5852
deterministic_stance_v1,please_respond,vs_base_raw,0_base/raw,3_rlvr2/raw,acquiescence,0.6667,0.7654,0.0987,-0.2653,0.3279
deterministic_stance_v1,please_respond,vs_base_raw,0_base/raw,3_rlvr2/raw,direction_index,0.6667,0.2641,-0.4026,-0.9007,0.3337
deterministic_stance_v1,please_respond,vs_previous_stage,1_sft/native,2_dpo/native,position_rate,0.2386,0.2727,0.0341,-0.0455,0.1136
deterministic_stance_v1,please_respond,vs_previous_stage,1_sft/native,2_dpo/native,acquiescence,1.0,,,,
deterministic_stance_v1,please_respond,vs_previous_stage,1_sft/native,2_dpo/native,direction_index,0.0,,,,
deterministic_stance_v1,please_respond,vs_previous_stage,2_dpo/native,3_rlvr2/native,position_rate,0.2727,0.233,-0.0398,-0.1023,0.0284
deterministic_stance_v1,please_respond,vs_previous_stage,2_dpo/native,3_rlvr2/native,acquiescence,,,,,
deterministic_stance_v1,please_respond,vs_previous_stage,2_dpo/native,3_rlvr2/native,direction_index,,,,,
deterministic_stance_v1,please_respond,vs_previous_stage,0_base/raw,1_sft/raw,position_rate,0.0455,0.0739,0.0284,-0.0284,0.0852
deterministic_stance_v1,please_respond,vs_previous_stage,0_base/raw,1_sft/raw,acquiescence,0.6667,0.8286,0.1619,-0.25,0.5
deterministic_stance_v1,please_respond,vs_previous_stage,0_base/raw,1_sft/raw,direction_index,0.6667,0.0571,-0.6095,-1.25,0.2091
deterministic_stance_v1,please_respond,vs_previous_stage,1_sft/raw,2_dpo/raw,position_rate,0.0739,0.5284,0.4545,0.375,0.5341
deterministic_stance_v1,please_respond,vs_previous_stage,1_sft/raw,2_dpo/raw,acquiescence,0.8286,0.8074,-0.0212,-0.2287,0.2625
deterministic_stance_v1,please_respond,vs_previous_stage,1_sft/raw,2_dpo/raw,direction_index,0.0571,0.1747,0.1176,-0.402,0.5386
deterministic_stance_v1,please_respond,vs_previous_stage,2_dpo/raw,3_rlvr2/raw,position_rate,0.5284,0.5511,0.0227,-0.0341,0.0852
deterministic_stance_v1,please_respond,vs_previous_stage,2_dpo/raw,3_rlvr2/raw,acquiescence,0.8074,0.7654,-0.042,-0.1087,0.0216
deterministic_stance_v1,please_respond,vs_previous_stage,2_dpo/raw,3_rlvr2/raw,direction_index,0.1747,0.2641,0.0894,-0.0462,0.2301
deterministic_stance_v1,stance_first,vs_base_raw,0_base/raw,1_sft/native,position_rate,0.0398,1.0,0.9602,0.9261,0.9886
deterministic_stance_v1,stance_first,vs_base_raw,0_base/raw,1_sft/native,acquiescence,0.6667,0.5157,-0.151,,
deterministic_stance_v1,stance_first,vs_base_raw,0_base/raw,1_sft/native,direction_index,0.6667,0.5186,-0.1481,,
deterministic_stance_v1,stance_first,vs_base_raw,0_base/raw,1_sft/raw,position_rate,0.0398,0.1193,0.0795,0.0227,0.1364
deterministic_stance_v1,stance_first,vs_base_raw,0_base/raw,1_sft/raw,acquiescence,0.6667,0.7102,0.0436,,
deterministic_stance_v1,stance_first,vs_base_raw,0_base/raw,1_sft/raw,direction_index,0.6667,0.3295,-0.3371,,
deterministic_stance_v1,stance_first,vs_base_raw,0_base/raw,2_dpo/native,position_rate,0.0398,0.9943,0.9545,0.9148,0.983
deterministic_stance_v1,stance_first,vs_base_raw,0_base/raw,2_dpo/native,acquiescence,0.6667,0.4571,-0.2095,,
deterministic_stance_v1,stance_first,vs_base_raw,0_base/raw,2_dpo/native,direction_index,0.6667,0.6286,-0.0381,,
deterministic_stance_v1,stance_first,vs_base_raw,0_base/raw,2_dpo/raw,position_rate,0.0398,0.4034,0.3636,0.2784,0.4432
deterministic_stance_v1,stance_first,vs_base_raw,0_base/raw,2_dpo/raw,acquiescence,0.6667,0.7353,0.0686,,
deterministic_stance_v1,stance_first,vs_base_raw,0_base/raw,2_dpo/raw,direction_index,0.6667,0.5294,-0.1373,,
deterministic_stance_v1,stance_first,vs_base_raw,0_base/raw,3_rlvr2/native,position_rate,0.0398,0.9943,0.9545,0.9148,0.983
deterministic_stance_v1,stance_first,vs_base_raw,0_base/raw,3_rlvr2/native,acquiescence,0.6667,0.4493,-0.2174,,
deterministic_stance_v1,stance_first,vs_base_raw,0_base/raw,3_rlvr2/native,direction_index,0.6667,0.5507,-0.1159,,
deterministic_stance_v1,stance_first,vs_base_raw,0_base/raw,3_rlvr2/raw,position_rate,0.0398,0.392,0.3523,0.267,0.4375
deterministic_stance_v1,stance_first,vs_base_raw,0_base/raw,3_rlvr2/raw,acquiescence,0.6667,0.5833,-0.0833,,
deterministic_stance_v1,stance_first,vs_base_raw,0_base/raw,3_rlvr2/raw,direction_index,0.6667,0.6667,-0.0,,
deterministic_stance_v1,stance_first,vs_previous_stage,1_sft/native,2_dpo/native,position_rate,1.0,0.9943,-0.0057,-0.017,0.0
deterministic_stance_v1,stance_first,vs_previous_stage,1_sft/native,2_dpo/native,acquiescence,0.5157,0.4571,-0.0586,-0.1143,-0.0056
deterministic_stance_v1,stance_first,vs_previous_stage,1_sft/native,2_dpo/native,direction_index,0.5186,0.6286,0.11,0.0074,0.2199
deterministic_stance_v1,stance_first,vs_previous_stage,2_dpo/native,3_rlvr2/native,position_rate,0.9943,0.9943,0.0,0.0,0.0
deterministic_stance_v1,stance_first,vs_previous_stage,2_dpo/native,3_rlvr2/native,acquiescence,0.4571,0.4493,-0.0079,-0.0519,0.0392
deterministic_stance_v1,stance_first,vs_previous_stage,2_dpo/native,3_rlvr2/native,direction_index,0.6286,0.5507,-0.0778,-0.1724,0.0045
deterministic_stance_v1,stance_first,vs_previous_stage,0_base/raw,1_sft/raw,position_rate,0.0398,0.1193,0.0795,0.0227,0.1364
deterministic_stance_v1,stance_first,vs_previous_stage,0_base/raw,1_sft/raw,acquiescence,0.6667,0.7102,0.0436,,
deterministic_stance_v1,stance_first,vs_previous_stage,0_base/raw,1_sft/raw,direction_index,0.6667,0.3295,-0.3371,,
deterministic_stance_v1,stance_first,vs_previous_stage,1_sft/raw,2_dpo/raw,position_rate,0.1193,0.4034,0.2841,0.1989,0.3693
deterministic_stance_v1,stance_first,vs_previous_stage,1_sft/raw,2_dpo/raw,acquiescence,0.7102,0.7353,0.0251,-0.1786,0.2579
deterministic_stance_v1,stance_first,vs_previous_stage,1_sft/raw,2_dpo/raw,direction_index,0.3295,0.5294,0.1999,-0.1518,0.5974
deterministic_stance_v1,stance_first,vs_previous_stage,2_dpo/raw,3_rlvr2/raw,position_rate,0.4034,0.392,-0.0114,-0.0739,0.0511
deterministic_stance_v1,stance_first,vs_previous_stage,2_dpo/raw,3_rlvr2/raw,acquiescence,0.7353,0.5833,-0.152,-0.2895,-0.0143
deterministic_stance_v1,stance_first,vs_previous_stage,2_dpo/raw,3_rlvr2/raw,direction_index,0.5294,0.6667,0.1373,-0.1795,0.45
faulborn_nli_reconstructed_as_written_seed42,opinion,vs_base_raw,0_base/raw,1_sft/native,position_rate,0.1932,0.2273,0.0341,-0.0682,0.1307
faulborn_nli_reconstructed_as_written_seed42,opinion,vs_base_raw,0_base/raw,1_sft/native,acquiescence,0.5696,0.5601,-0.0095,-0.2365,0.2134
faulborn_nli_reconstructed_as_written_seed42,opinion,vs_base_raw,0_base/raw,1_sft/native,direction_index,0.0916,0.532,0.4404,0.0522,0.8409
faulborn_nli_reconstructed_as_written_seed42,opinion,vs_base_raw,0_base/raw,1_sft/raw,position_rate,0.1932,0.0398,-0.1534,-0.2159,-0.0966
faulborn_nli_reconstructed_as_written_seed42,opinion,vs_base_raw,0_base/raw,1_sft/raw,acquiescence,0.5696,0.7,0.1304,,
faulborn_nli_reconstructed_as_written_seed42,opinion,vs_base_raw,0_base/raw,1_sft/raw,direction_index,0.0916,0.6,0.5084,,
faulborn_nli_reconstructed_as_written_seed42,opinion,vs_base_raw,0_base/raw,2_dpo/native,position_rate,0.1932,0.3239,0.1307,0.0341,0.2216
faulborn_nli_reconstructed_as_written_seed42,opinion,vs_base_raw,0_base/raw,2_dpo/native,acquiescence,0.5696,0.5389,-0.0307,-0.2385,0.1775
faulborn_nli_reconstructed_as_written_seed42,opinion,vs_base_raw,0_base/raw,2_dpo/native,direction_index,0.0916,0.8556,0.764,0.4287,1.1061
faulborn_nli_reconstructed_as_written_seed42,opinion,vs_base_raw,0_base/raw,2_dpo/raw,position_rate,0.1932,0.5,0.3068,0.2159,0.3977
faulborn_nli_reconstructed_as_written_seed42,opinion,vs_base_raw,0_base/raw,2_dpo/raw,acquiescence,0.5696,0.7182,0.1486,-0.0349,0.3384
faulborn_nli_reconstructed_as_written_seed42,opinion,vs_base_raw,0_base/raw,2_dpo/raw,direction_index,0.0916,0.3818,0.2902,-0.0417,0.6309
faulborn_nli_reconstructed_as_written_seed42,opinion,vs_base_raw,0_base/raw,3_rlvr2/native,position_rate,0.1932,0.3352,0.142,0.0398,0.2386
faulborn_nli_reconstructed_as_written_seed42,opinion,vs_base_raw,0_base/raw,3_rlvr2/native,acquiescence,0.5696,0.4873,-0.0823,-0.2777,0.1271
faulborn_nli_reconstructed_as_written_seed42,opinion,vs_base_raw,0_base/raw,3_rlvr2/native,direction_index,0.0916,0.8318,0.7402,0.3894,1.1007
faulborn_nli_reconstructed_as_written_seed42,opinion,vs_base_raw,0_base/raw,3_rlvr2/raw,position_rate,0.1932,0.5227,0.3295,0.2386,0.4148
faulborn_nli_reconstructed_as_written_seed42,opinion,vs_base_raw,0_base/raw,3_rlvr2/raw,acquiescence,0.5696,0.6845,0.1149,-0.0727,0.3133
faulborn_nli_reconstructed_as_written_seed42,opinion,vs_base_raw,0_base/raw,3_rlvr2/raw,direction_index,0.0916,0.2976,0.206,-0.1366,0.5752
faulborn_nli_reconstructed_as_written_seed42,opinion,vs_previous_stage,1_sft/native,2_dpo/native,position_rate,0.2273,0.3239,0.0966,0.0114,0.1761
faulborn_nli_reconstructed_as_written_seed42,opinion,vs_previous_stage,1_sft/native,2_dpo/native,acquiescence,0.5601,0.5389,-0.0212,-0.1443,0.0944
faulborn_nli_reconstructed_as_written_seed42,opinion,vs_previous_stage,1_sft/native,2_dpo/native,direction_index,0.532,0.8556,0.3236,0.0584,0.6263
faulborn_nli_reconstructed_as_written_seed42,opinion,vs_previous_stage,2_dpo/native,3_rlvr2/native,position_rate,0.3239,0.3352,0.0114,-0.0398,0.0625
faulborn_nli_reconstructed_as_written_seed42,opinion,vs_previous_stage,2_dpo/native,3_rlvr2/native,acquiescence,0.5389,0.4873,-0.0516,-0.1274,0.0183
faulborn_nli_reconstructed_as_written_seed42,opinion,vs_previous_stage,2_dpo/native,3_rlvr2/native,direction_index,0.8556,0.8318,-0.0238,-0.1794,0.1174
faulborn_nli_reconstructed_as_written_seed42,opinion,vs_previous_stage,0_base/raw,1_sft/raw,position_rate,0.1932,0.0398,-0.1534,-0.2159,-0.0966
faulborn_nli_reconstructed_as_written_seed42,opinion,vs_previous_stage,0_base/raw,1_sft/raw,acquiescence,0.5696,0.7,0.1304,,
faulborn_nli_reconstructed_as_written_seed42,opinion,vs_previous_stage,0_base/raw,1_sft/raw,direction_index,0.0916,0.6,0.5084,,
faulborn_nli_reconstructed_as_written_seed42,opinion,vs_previous_stage,1_sft/raw,2_dpo/raw,position_rate,0.0398,0.5,0.4602,0.3864,0.5341
faulborn_nli_reconstructed_as_written_seed42,opinion,vs_previous_stage,1_sft/raw,2_dpo/raw,acquiescence,0.7,0.7182,0.0182,,
faulborn_nli_reconstructed_as_written_seed42,opinion,vs_previous_stage,1_sft/raw,2_dpo/raw,direction_index,0.6,0.3818,-0.2182,,
faulborn_nli_reconstructed_as_written_seed42,opinion,vs_previous_stage,2_dpo/raw,3_rlvr2/raw,position_rate,0.5,0.5227,0.0227,-0.0227,0.0682
faulborn_nli_reconstructed_as_written_seed42,opinion,vs_previous_stage,2_dpo/raw,3_rlvr2/raw,acquiescence,0.7182,0.6845,-0.0337,-0.1089,0.0399
faulborn_nli_reconstructed_as_written_seed42,opinion,vs_previous_stage,2_dpo/raw,3_rlvr2/raw,direction_index,0.3818,0.2976,-0.0842,-0.2397,0.056
faulborn_nli_reconstructed_as_written_seed42,please_respond,vs_base_raw,0_base/raw,1_sft/native,position_rate,0.125,0.4261,0.3011,0.2045,0.392
faulborn_nli_reconstructed_as_written_seed42,please_respond,vs_base_raw,0_base/raw,1_sft/native,acquiescence,0.675,0.5298,-0.1452,-0.3626,0.0947
faulborn_nli_reconstructed_as_written_seed42,please_respond,vs_base_raw,0_base/raw,1_sft/native,direction_index,-0.15,0.6478,0.7978,0.3469,1.1994
faulborn_nli_reconstructed_as_written_seed42,please_respond,vs_base_raw,0_base/raw,1_sft/raw,position_rate,0.125,0.25,0.125,0.0511,0.2045
faulborn_nli_reconstructed_as_written_seed42,please_respond,vs_base_raw,0_base/raw,1_sft/raw,acquiescence,0.675,0.6418,-0.0332,-0.2695,0.2177
faulborn_nli_reconstructed_as_written_seed42,please_respond,vs_base_raw,0_base/raw,1_sft/raw,direction_index,-0.15,0.2402,0.3902,-0.0645,0.8652
faulborn_nli_reconstructed_as_written_seed42,please_respond,vs_base_raw,0_base/raw,2_dpo/native,position_rate,0.125,0.3182,0.1932,0.0966,0.2898
faulborn_nli_reconstructed_as_written_seed42,please_respond,vs_base_raw,0_base/raw,2_dpo/native,acquiescence,0.675,0.4555,-0.2195,-0.4284,0.0025
faulborn_nli_reconstructed_as_written_seed42,please_respond,vs_base_raw,0_base/raw,2_dpo/native,direction_index,-0.15,0.831,0.981,0.5349,1.3946
faulborn_nli_reconstructed_as_written_seed42,please_respond,vs_base_raw,0_base/raw,2_dpo/raw,position_rate,0.125,0.9034,0.7784,0.7045,0.8466
faulborn_nli_reconstructed_as_written_seed42,please_respond,vs_base_raw,0_base/raw,2_dpo/raw,acquiescence,0.675,0.7115,0.0365,-0.1627,0.2509
faulborn_nli_reconstructed_as_written_seed42,please_respond,vs_base_raw,0_base/raw,2_dpo/raw,direction_index,-0.15,0.2479,0.3979,-0.0189,0.7956
faulborn_nli_reconstructed_as_written_seed42,please_respond,vs_base_raw,0_base/raw,3_rlvr2/native,position_rate,0.125,0.2841,0.1591,0.0682,0.25
faulborn_nli_reconstructed_as_written_seed42,please_respond,vs_base_raw,0_base/raw,3_rlvr2/native,acquiescence,0.675,0.4355,-0.2395,-0.457,-0.0154
faulborn_nli_reconstructed_as_written_seed42,please_respond,vs_base_raw,0_base/raw,3_rlvr2/native,direction_index,-0.15,0.871,1.021,0.5862,1.4316
faulborn_nli_reconstructed_as_written_seed42,please_respond,vs_base_raw,0_base/raw,3_rlvr2/raw,position_rate,0.125,0.9375,0.8125,0.7443,0.875
faulborn_nli_reconstructed_as_written_seed42,please_respond,vs_base_raw,0_base/raw,3_rlvr2/raw,acquiescence,0.675,0.671,-0.004,-0.2082,0.2181
faulborn_nli_reconstructed_as_written_seed42,please_respond,vs_base_raw,0_base/raw,3_rlvr2/raw,direction_index,-0.15,0.2831,0.4331,0.0096,0.842
faulborn_nli_reconstructed_as_written_seed42,please_respond,vs_previous_stage,1_sft/native,2_dpo/native,position_rate,0.4261,0.3182,-0.108,-0.1875,-0.0341
faulborn_nli_reconstructed_as_written_seed42,please_respond,vs_previous_stage,1_sft/native,2_dpo/native,acquiescence,0.5298,0.4555,-0.0743,-0.1678,0.0131
faulborn_nli_reconstructed_as_written_seed42,please_respond,vs_previous_stage,1_sft/native,2_dpo/native,direction_index,0.6478,0.831,0.1832,-0.0092,0.378
faulborn_nli_reconstructed_as_written_seed42,please_respond,vs_previous_stage,2_dpo/native,3_rlvr2/native,position_rate,0.3182,0.2841,-0.0341,-0.0909,0.017
faulborn_nli_reconstructed_as_written_seed42,please_respond,vs_previous_stage,2_dpo/native,3_rlvr2/native,acquiescence,0.4555,0.4355,-0.02,-0.0902,0.048
faulborn_nli_reconstructed_as_written_seed42,please_respond,vs_previous_stage,2_dpo/native,3_rlvr2/native,direction_index,0.831,0.871,0.04,-0.0933,0.1901
faulborn_nli_reconstructed_as_written_seed42,please_respond,vs_previous_stage,0_base/raw,1_sft/raw,position_rate,0.125,0.25,0.125,0.0511,0.2045
faulborn_nli_reconstructed_as_written_seed42,please_respond,vs_previous_stage,0_base/raw,1_sft/raw,acquiescence,0.675,0.6418,-0.0332,-0.2695,0.2177
faulborn_nli_reconstructed_as_written_seed42,please_respond,vs_previous_stage,0_base/raw,1_sft/raw,direction_index,-0.15,0.2402,0.3902,-0.0645,0.8652
faulborn_nli_reconstructed_as_written_seed42,please_respond,vs_previous_stage,1_sft/raw,2_dpo/raw,position_rate,0.25,0.9034,0.6534,0.5794,0.7273
faulborn_nli_reconstructed_as_written_seed42,please_respond,vs_previous_stage,1_sft/raw,2_dpo/raw,acquiescence,0.6418,0.7115,0.0696,-0.052,0.2005
faulborn_nli_reconstructed_as_written_seed42,please_respond,vs_previous_stage,1_sft/raw,2_dpo/raw,direction_index,0.2402,0.2479,0.0078,-0.2777,0.2969
faulborn_nli_reconstructed_as_written_seed42,please_respond,vs_previous_stage,2_dpo/raw,3_rlvr2/raw,position_rate,0.9034,0.9375,0.0341,0.0,0.0683
faulborn_nli_reconstructed_as_written_seed42,please_respond,vs_previous_stage,2_dpo/raw,3_rlvr2/raw,acquiescence,0.7115,0.671,-0.0405,-0.0884,0.0078
faulborn_nli_reconstructed_as_written_seed42,please_respond,vs_previous_stage,2_dpo/raw,3_rlvr2/raw,direction_index,0.2479,0.2831,0.0351,-0.0799,0.1533
faulborn_nli_reconstructed_as_written_seed42,stance_first,vs_base_raw,0_base/raw,1_sft/native,position_rate,0.0284,1.0,0.9716,0.9489,0.9943
faulborn_nli_reconstructed_as_written_seed42,stance_first,vs_base_raw,0_base/raw,1_sft/native,acquiescence,0.75,0.4886,-0.2614,,
faulborn_nli_reconstructed_as_written_seed42,stance_first,vs_base_raw,0_base/raw,1_sft/native,direction_index,0.5,0.5,0.0,,
faulborn_nli_reconstructed_as_written_seed42,stance_first,vs_base_raw,0_base/raw,1_sft/raw,position_rate,0.0284,0.2045,0.1761,0.108,0.2443
faulborn_nli_reconstructed_as_written_seed42,stance_first,vs_base_raw,0_base/raw,1_sft/raw,acquiescence,0.75,0.7762,0.0262,,
faulborn_nli_reconstructed_as_written_seed42,stance_first,vs_base_raw,0_base/raw,1_sft/raw,direction_index,0.5,0.3143,-0.1857,,
faulborn_nli_reconstructed_as_written_seed42,stance_first,vs_base_raw,0_base/raw,2_dpo/native,position_rate,0.0284,0.9602,0.9318,0.8864,0.9659
faulborn_nli_reconstructed_as_written_seed42,stance_first,vs_base_raw,0_base/raw,2_dpo/native,acquiescence,0.75,0.4506,-0.2994,,
faulborn_nli_reconstructed_as_written_seed42,stance_first,vs_base_raw,0_base/raw,2_dpo/native,direction_index,0.5,0.5639,0.0639,,
faulborn_nli_reconstructed_as_written_seed42,stance_first,vs_base_raw,0_base/raw,2_dpo/raw,position_rate,0.0284,0.8295,0.8011,0.7386,0.858
faulborn_nli_reconstructed_as_written_seed42,stance_first,vs_base_raw,0_base/raw,2_dpo/raw,acquiescence,0.75,0.6491,-0.1009,,
faulborn_nli_reconstructed_as_written_seed42,stance_first,vs_base_raw,0_base/raw,2_dpo/raw,direction_index,0.5,0.441,-0.059,,
faulborn_nli_reconstructed_as_written_seed42,stance_first,vs_base_raw,0_base/raw,3_rlvr2/native,position_rate,0.0284,0.9773,0.9489,0.9148,0.9773
faulborn_nli_reconstructed_as_written_seed42,stance_first,vs_base_raw,0_base/raw,3_rlvr2/native,acquiescence,0.75,0.4387,-0.3113,,
faulborn_nli_reconstructed_as_written_seed42,stance_first,vs_base_raw,0_base/raw,3_rlvr2/native,direction_index,0.5,0.5479,0.0479,,
faulborn_nli_reconstructed_as_written_seed42,stance_first,vs_base_raw,0_base/raw,3_rlvr2/raw,position_rate,0.0284,0.8295,0.8011,0.7386,0.858
faulborn_nli_reconstructed_as_written_seed42,stance_first,vs_base_raw,0_base/raw,3_rlvr2/raw,acquiescence,0.75,0.5919,-0.1581,,
faulborn_nli_reconstructed_as_written_seed42,stance_first,vs_base_raw,0_base/raw,3_rlvr2/raw,direction_index,0.5,0.4733,-0.0267,,
faulborn_nli_reconstructed_as_written_seed42,stance_first,vs_previous_stage,1_sft/native,2_dpo/native,position_rate,1.0,0.9602,-0.0398,-0.0682,-0.0114
faulborn_nli_reconstructed_as_written_seed42,stance_first,vs_previous_stage,1_sft/native,2_dpo/native,acquiescence,0.4886,0.4506,-0.038,-0.0736,-0.0058
faulborn_nli_reconstructed_as_written_seed42,stance_first,vs_previous_stage,1_sft/native,2_dpo/native,direction_index,0.5,0.5639,0.0639,-0.0034,0.1359
faulborn_nli_reconstructed_as_written_seed42,stance_first,vs_previous_stage,2_dpo/native,3_rlvr2/native,position_rate,0.9602,0.9773,0.017,0.0,0.0398
faulborn_nli_reconstructed_as_written_seed42,stance_first,vs_previous_stage,2_dpo/native,3_rlvr2/native,acquiescence,0.4506,0.4387,-0.0119,-0.0358,0.0084
faulborn_nli_reconstructed_as_written_seed42,stance_first,vs_previous_stage,2_dpo/native,3_rlvr2/native,direction_index,0.5639,0.5479,-0.0159,-0.0619,0.0262
faulborn_nli_reconstructed_as_written_seed42,stance_first,vs_previous_stage,0_base/raw,1_sft/raw,position_rate,0.0284,0.2045,0.1761,0.108,0.2443
faulborn_nli_reconstructed_as_written_seed42,stance_first,vs_previous_stage,0_base/raw,1_sft/raw,acquiescence,0.75,0.7762,0.0262,,
faulborn_nli_reconstructed_as_written_seed42,stance_first,vs_previous_stage,0_base/raw,1_sft/raw,direction_index,0.5,0.3143,-0.1857,,
faulborn_nli_reconstructed_as_written_seed42,stance_first,vs_previous_stage,1_sft/raw,2_dpo/raw,position_rate,0.2045,0.8295,0.625,0.5455,0.7045
faulborn_nli_reconstructed_as_written_seed42,stance_first,vs_previous_stage,1_sft/raw,2_dpo/raw,acquiescence,0.7762,0.6491,-0.1271,-0.2499,0.0114
faulborn_nli_reconstructed_as_written_seed42,stance_first,vs_previous_stage,1_sft/raw,2_dpo/raw,direction_index,0.3143,0.441,0.1267,-0.1333,0.3862
faulborn_nli_reconstructed_as_written_seed42,stance_first,vs_previous_stage,2_dpo/raw,3_rlvr2/raw,position_rate,0.8295,0.8295,0.0,-0.0398,0.0398
faulborn_nli_reconstructed_as_written_seed42,stance_first,vs_previous_stage,2_dpo/raw,3_rlvr2/raw,acquiescence,0.6491,0.5919,-0.0572,-0.1099,-0.0032
faulborn_nli_reconstructed_as_written_seed42,stance_first,vs_previous_stage,2_dpo/raw,3_rlvr2/raw,direction_index,0.441,0.4733,0.0323,-0.0769,0.1464
faulborn_nli_reconstructed_as_written_seed43,opinion,vs_base_raw,0_base/raw,1_sft/native,position_rate,0.1477,0.1648,0.017,-0.0739,0.1023
faulborn_nli_reconstructed_as_written_seed43,opinion,vs_base_raw,0_base/raw,1_sft/native,acquiescence,0.6275,0.5913,-0.0361,-0.2844,0.2163
faulborn_nli_reconstructed_as_written_seed43,opinion,vs_base_raw,0_base/raw,1_sft/native,direction_index,0.0784,0.5673,0.4889,0.0277,0.9347
faulborn_nli_reconstructed_as_written_seed43,opinion,vs_base_raw,0_base/raw,1_sft/raw,position_rate,0.1477,0.0625,-0.0852,-0.142,-0.0284
faulborn_nli_reconstructed_as_written_seed43,opinion,vs_base_raw,0_base/raw,1_sft/raw,acquiescence,0.6275,0.7,0.0725,-0.212,0.3681
faulborn_nli_reconstructed_as_written_seed43,opinion,vs_base_raw,0_base/raw,1_sft/raw,direction_index,0.0784,0.6,0.5216,-0.1,1.1289
faulborn_nli_reconstructed_as_written_seed43,opinion,vs_base_raw,0_base/raw,2_dpo/native,position_rate,0.1477,0.3693,0.2216,0.1307,0.307
faulborn_nli_reconstructed_as_written_seed43,opinion,vs_base_raw,0_base/raw,2_dpo/native,acquiescence,0.6275,0.5584,-0.069,-0.2802,0.1499
faulborn_nli_reconstructed_as_written_seed43,opinion,vs_base_raw,0_base/raw,2_dpo/native,direction_index,0.0784,0.772,0.6936,0.2766,1.123
faulborn_nli_reconstructed_as_written_seed43,opinion,vs_base_raw,0_base/raw,2_dpo/raw,position_rate,0.1477,0.4545,0.3068,0.2216,0.392
faulborn_nli_reconstructed_as_written_seed43,opinion,vs_base_raw,0_base/raw,2_dpo/raw,acquiescence,0.6275,0.7292,0.1017,-0.1088,0.3239
faulborn_nli_reconstructed_as_written_seed43,opinion,vs_base_raw,0_base/raw,2_dpo/raw,direction_index,0.0784,0.2917,0.2132,-0.1636,0.6381
faulborn_nli_reconstructed_as_written_seed43,opinion,vs_base_raw,0_base/raw,3_rlvr2/native,position_rate,0.1477,0.3523,0.2045,0.1023,0.3011
faulborn_nli_reconstructed_as_written_seed43,opinion,vs_base_raw,0_base/raw,3_rlvr2/native,acquiescence,0.6275,0.5777,-0.0497,-0.2617,0.1756
faulborn_nli_reconstructed_as_written_seed43,opinion,vs_base_raw,0_base/raw,3_rlvr2/native,direction_index,0.0784,0.7269,0.6485,0.2414,1.0748
faulborn_nli_reconstructed_as_written_seed43,opinion,vs_base_raw,0_base/raw,3_rlvr2/raw,position_rate,0.1477,0.4773,0.3295,0.2443,0.4148
faulborn_nli_reconstructed_as_written_seed43,opinion,vs_base_raw,0_base/raw,3_rlvr2/raw,acquiescence,0.6275,0.6618,0.0343,-0.1721,0.2532
faulborn_nli_reconstructed_as_written_seed43,opinion,vs_base_raw,0_base/raw,3_rlvr2/raw,direction_index,0.0784,0.3235,0.2451,-0.1436,0.6789
faulborn_nli_reconstructed_as_written_seed43,opinion,vs_previous_stage,1_sft/native,2_dpo/native,position_rate,0.1648,0.3693,0.2045,0.1307,0.2784
faulborn_nli_reconstructed_as_written_seed43,opinion,vs_previous_stage,1_sft/native,2_dpo/native,acquiescence,0.5913,0.5584,-0.0329,-0.1786,0.1133
faulborn_nli_reconstructed_as_written_seed43,opinion,vs_previous_stage,1_sft/native,2_dpo/native,direction_index,0.5673,0.772,0.2047,-0.1092,0.546
faulborn_nli_reconstructed_as_written_seed43,opinion,vs_previous_stage,2_dpo/native,3_rlvr2/native,position_rate,0.3693,0.3523,-0.017,-0.0739,0.0398
faulborn_nli_reconstructed_as_written_seed43,opinion,vs_previous_stage,2_dpo/native,3_rlvr2/native,acquiescence,0.5584,0.5777,0.0193,-0.0504,0.0917
faulborn_nli_reconstructed_as_written_seed43,opinion,vs_previous_stage,2_dpo/native,3_rlvr2/native,direction_index,0.772,0.7269,-0.0451,-0.2009,0.094
faulborn_nli_reconstructed_as_written_seed43,opinion,vs_previous_stage,0_base/raw,1_sft/raw,position_rate,0.1477,0.0625,-0.0852,-0.142,-0.0284
faulborn_nli_reconstructed_as_written_seed43,opinion,vs_previous_stage,0_base/raw,1_sft/raw,acquiescence,0.6275,0.7,0.0725,-0.212,0.3681
faulborn_nli_reconstructed_as_written_seed43,opinion,vs_previous_stage,0_base/raw,1_sft/raw,direction_index,0.0784,0.6,0.5216,-0.1,1.1289
faulborn_nli_reconstructed_as_written_seed43,opinion,vs_previous_stage,1_sft/raw,2_dpo/raw,position_rate,0.0625,0.4545,0.392,0.3125,0.4659
faulborn_nli_reconstructed_as_written_seed43,opinion,vs_previous_stage,1_sft/raw,2_dpo/raw,acquiescence,0.7,0.7292,0.0292,-0.2395,0.2553
faulborn_nli_reconstructed_as_written_seed43,opinion,vs_previous_stage,1_sft/raw,2_dpo/raw,direction_index,0.6,0.2917,-0.3083,-0.7779,0.224
faulborn_nli_reconstructed_as_written_seed43,opinion,vs_previous_stage,2_dpo/raw,3_rlvr2/raw,position_rate,0.4545,0.4773,0.0227,-0.0284,0.0682
faulborn_nli_reconstructed_as_written_seed43,opinion,vs_previous_stage,2_dpo/raw,3_rlvr2/raw,acquiescence,0.7292,0.6618,-0.0674,-0.1494,0.0142
faulborn_nli_reconstructed_as_written_seed43,opinion,vs_previous_stage,2_dpo/raw,3_rlvr2/raw,direction_index,0.2917,0.3235,0.0319,-0.1169,0.1662
faulborn_nli_reconstructed_as_written_seed43,please_respond,vs_base_raw,0_base/raw,1_sft/native,position_rate,0.1136,0.392,0.2784,0.1875,0.3693
faulborn_nli_reconstructed_as_written_seed43,please_respond,vs_base_raw,0_base/raw,1_sft/native,acquiescence,0.7,0.6508,-0.0492,-0.2586,0.196
faulborn_nli_reconstructed_as_written_seed43,please_respond,vs_base_raw,0_base/raw,1_sft/native,direction_index,0.0,0.4127,0.4127,-0.0285,0.8738
faulborn_nli_reconstructed_as_written_seed43,please_respond,vs_base_raw,0_base/raw,1_sft/raw,position_rate,0.1136,0.25,0.1364,0.0625,0.2159
faulborn_nli_reconstructed_as_written_seed43,please_respond,vs_base_raw,0_base/raw,1_sft/raw,acquiescence,0.7,0.6418,-0.0582,-0.2887,0.2008
faulborn_nli_reconstructed_as_written_seed43,please_respond,vs_base_raw,0_base/raw,1_sft/raw,direction_index,0.0,0.2402,0.2402,-0.1389,0.6748
faulborn_nli_reconstructed_as_written_seed43,please_respond,vs_base_raw,0_base/raw,2_dpo/native,position_rate,0.1136,0.3239,0.2102,0.1193,0.3068
faulborn_nli_reconstructed_as_written_seed43,please_respond,vs_base_raw,0_base/raw,2_dpo/native,acquiescence,0.7,0.5322,-0.1678,-0.3903,0.08
faulborn_nli_reconstructed_as_written_seed43,please_respond,vs_base_raw,0_base/raw,2_dpo/native,direction_index,0.0,0.8144,0.8144,0.366,1.2567
faulborn_nli_reconstructed_as_written_seed43,please_respond,vs_base_raw,0_base/raw,2_dpo/raw,position_rate,0.1136,0.8807,0.767,0.6875,0.8409
faulborn_nli_reconstructed_as_written_seed43,please_respond,vs_base_raw,0_base/raw,2_dpo/raw,acquiescence,0.7,0.7234,0.0234,-0.1966,0.2752
faulborn_nli_reconstructed_as_written_seed43,please_respond,vs_base_raw,0_base/raw,2_dpo/raw,direction_index,0.0,0.2416,0.2416,-0.1791,0.6636
faulborn_nli_reconstructed_as_written_seed43,please_respond,vs_base_raw,0_base/raw,3_rlvr2/native,position_rate,0.1136,0.3182,0.2045,0.1136,0.2955
faulborn_nli_reconstructed_as_written_seed43,please_respond,vs_base_raw,0_base/raw,3_rlvr2/native,acquiescence,0.7,0.4858,-0.2142,-0.4326,0.0362
faulborn_nli_reconstructed_as_written_seed43,please_respond,vs_base_raw,0_base/raw,3_rlvr2/native,direction_index,0.0,0.8663,0.8663,0.4251,1.31
faulborn_nli_reconstructed_as_written_seed43,please_respond,vs_base_raw,0_base/raw,3_rlvr2/raw,position_rate,0.1136,0.9205,0.8068,0.7386,0.875
faulborn_nli_reconstructed_as_written_seed43,please_respond,vs_base_raw,0_base/raw,3_rlvr2/raw,acquiescence,0.7,0.6945,-0.0055,-0.2111,0.2318
faulborn_nli_reconstructed_as_written_seed43,please_respond,vs_base_raw,0_base/raw,3_rlvr2/raw,direction_index,0.0,0.2565,0.2565,-0.1475,0.6716
faulborn_nli_reconstructed_as_written_seed43,please_respond,vs_previous_stage,1_sft/native,2_dpo/native,position_rate,0.392,0.3239,-0.0682,-0.142,0.0057
faulborn_nli_reconstructed_as_written_seed43,please_respond,vs_previous_stage,1_sft/native,2_dpo/native,acquiescence,0.6508,0.5322,-0.1186,-0.2327,-0.0092
faulborn_nli_reconstructed_as_written_seed43,please_respond,vs_previous_stage,1_sft/native,2_dpo/native,direction_index,0.4127,0.8144,0.4017,0.2042,0.5966
faulborn_nli_reconstructed_as_written_seed43,please_respond,vs_previous_stage,2_dpo/native,3_rlvr2/native,position_rate,0.3239,0.3182,-0.0057,-0.0625,0.0455
faulborn_nli_reconstructed_as_written_seed43,please_respond,vs_previous_stage,2_dpo/native,3_rlvr2/native,acquiescence,0.5322,0.4858,-0.0464,-0.1364,0.0386
faulborn_nli_reconstructed_as_written_seed43,please_respond,vs_previous_stage,2_dpo/native,3_rlvr2/native,direction_index,0.8144,0.8663,0.0519,-0.1181,0.242
faulborn_nli_reconstructed_as_written_seed43,please_respond,vs_previous_stage,0_base/raw,1_sft/raw,position_rate,0.1136,0.25,0.1364,0.0625,0.2159
faulborn_nli_reconstructed_as_written_seed43,please_respond,vs_previous_stage,0_base/raw,1_sft/raw,acquiescence,0.7,0.6418,-0.0582,-0.2887,0.2008
faulborn_nli_reconstructed_as_written_seed43,please_respond,vs_previous_stage,0_base/raw,1_sft/raw,direction_index,0.0,0.2402,0.2402,-0.1389,0.6748
faulborn_nli_reconstructed_as_written_seed43,please_respond,vs_previous_stage,1_sft/raw,2_dpo/raw,position_rate,0.25,0.8807,0.6307,0.5455,0.7047
faulborn_nli_reconstructed_as_written_seed43,please_respond,vs_previous_stage,1_sft/raw,2_dpo/raw,acquiescence,0.6418,0.7234,0.0815,-0.0472,0.2207
faulborn_nli_reconstructed_as_written_seed43,please_respond,vs_previous_stage,1_sft/raw,2_dpo/raw,direction_index,0.2402,0.2416,0.0014,-0.2824,0.2817
faulborn_nli_reconstructed_as_written_seed43,please_respond,vs_previous_stage,2_dpo/raw,3_rlvr2/raw,position_rate,0.8807,0.9205,0.0398,0.0057,0.0795
faulborn_nli_reconstructed_as_written_seed43,please_respond,vs_previous_stage,2_dpo/raw,3_rlvr2/raw,acquiescence,0.7234,0.6945,-0.0288,-0.0756,0.0183
faulborn_nli_reconstructed_as_written_seed43,please_respond,vs_previous_stage,2_dpo/raw,3_rlvr2/raw,direction_index,0.2416,0.2565,0.0149,-0.1008,0.1352
faulborn_nli_reconstructed_as_written_seed43,stance_first,vs_base_raw,0_base/raw,1_sft/native,position_rate,0.0227,1.0,0.9773,0.9545,0.9943
faulborn_nli_reconstructed_as_written_seed43,stance_first,vs_base_raw,0_base/raw,1_sft/native,acquiescence,0.75,0.4886,-0.2614,,
faulborn_nli_reconstructed_as_written_seed43,stance_first,vs_base_raw,0_base/raw,1_sft/native,direction_index,0.5,0.5,0.0,,
faulborn_nli_reconstructed_as_written_seed43,stance_first,vs_base_raw,0_base/raw,1_sft/raw,position_rate,0.0227,0.1932,0.1705,0.108,0.2274
faulborn_nli_reconstructed_as_written_seed43,stance_first,vs_base_raw,0_base/raw,1_sft/raw,acquiescence,0.75,0.8158,0.0658,,
faulborn_nli_reconstructed_as_written_seed43,stance_first,vs_base_raw,0_base/raw,1_sft/raw,direction_index,0.5,0.3684,-0.1316,,
faulborn_nli_reconstructed_as_written_seed43,stance_first,vs_base_raw,0_base/raw,2_dpo/native,position_rate,0.0227,0.9886,0.9659,0.9318,0.9943
faulborn_nli_reconstructed_as_written_seed43,stance_first,vs_base_raw,0_base/raw,2_dpo/native,acquiescence,0.75,0.4682,-0.2818,,
faulborn_nli_reconstructed_as_written_seed43,stance_first,vs_base_raw,0_base/raw,2_dpo/native,direction_index,0.5,0.541,0.041,,
faulborn_nli_reconstructed_as_written_seed43,stance_first,vs_base_raw,0_base/raw,2_dpo/raw,position_rate,0.0227,0.8182,0.7955,0.7386,0.8466
faulborn_nli_reconstructed_as_written_seed43,stance_first,vs_base_raw,0_base/raw,2_dpo/raw,acquiescence,0.75,0.6681,-0.0819,,
faulborn_nli_reconstructed_as_written_seed43,stance_first,vs_base_raw,0_base/raw,2_dpo/raw,direction_index,0.5,0.4029,-0.0971,,
faulborn_nli_reconstructed_as_written_seed43,stance_first,vs_base_raw,0_base/raw,3_rlvr2/native,position_rate,0.0227,0.9943,0.9716,0.9375,0.9943
faulborn_nli_reconstructed_as_written_seed43,stance_first,vs_base_raw,0_base/raw,3_rlvr2/native,acquiescence,0.75,0.4557,-0.2943,,
faulborn_nli_reconstructed_as_written_seed43,stance_first,vs_base_raw,0_base/raw,3_rlvr2/native,direction_index,0.5,0.5205,0.0205,,
faulborn_nli_reconstructed_as_written_seed43,stance_first,vs_base_raw,0_base/raw,3_rlvr2/raw,position_rate,0.0227,0.8239,0.8011,0.7386,0.858
faulborn_nli_reconstructed_as_written_seed43,stance_first,vs_base_raw,0_base/raw,3_rlvr2/raw,acquiescence,0.75,0.6111,-0.1389,,
faulborn_nli_reconstructed_as_written_seed43,stance_first,vs_base_raw,0_base/raw,3_rlvr2/raw,direction_index,0.5,0.459,-0.041,,
faulborn_nli_reconstructed_as_written_seed43,stance_first,vs_previous_stage,1_sft/native,2_dpo/native,position_rate,1.0,0.9886,-0.0114,-0.0284,0.0
faulborn_nli_reconstructed_as_written_seed43,stance_first,vs_previous_stage,1_sft/native,2_dpo/native,acquiescence,0.4886,0.4682,-0.0205,-0.0502,0.0075
faulborn_nli_reconstructed_as_written_seed43,stance_first,vs_previous_stage,1_sft/native,2_dpo/native,direction_index,0.5,0.541,0.041,-0.0153,0.1034
faulborn_nli_reconstructed_as_written_seed43,stance_first,vs_previous_stage,2_dpo/native,3_rlvr2/native,position_rate,0.9886,0.9943,0.0057,0.0,0.017
faulborn_nli_reconstructed_as_written_seed43,stance_first,vs_previous_stage,2_dpo/native,3_rlvr2/native,acquiescence,0.4682,0.4557,-0.0125,-0.0356,0.0089
faulborn_nli_reconstructed_as_written_seed43,stance_first,vs_previous_stage,2_dpo/native,3_rlvr2/native,direction_index,0.541,0.5205,-0.0205,-0.0682,0.023
faulborn_nli_reconstructed_as_written_seed43,stance_first,vs_previous_stage,0_base/raw,1_sft/raw,position_rate,0.0227,0.1932,0.1705,0.108,0.2274
faulborn_nli_reconstructed_as_written_seed43,stance_first,vs_previous_stage,0_base/raw,1_sft/raw,acquiescence,0.75,0.8158,0.0658,,
faulborn_nli_reconstructed_as_written_seed43,stance_first,vs_previous_stage,0_base/raw,1_sft/raw,direction_index,0.5,0.3684,-0.1316,,
faulborn_nli_reconstructed_as_written_seed43,stance_first,vs_previous_stage,1_sft/raw,2_dpo/raw,position_rate,0.1932,0.8182,0.625,0.5511,0.6989
faulborn_nli_reconstructed_as_written_seed43,stance_first,vs_previous_stage,1_sft/raw,2_dpo/raw,acquiescence,0.8158,0.6681,-0.1477,-0.2671,-0.015
faulborn_nli_reconstructed_as_written_seed43,stance_first,vs_previous_stage,1_sft/raw,2_dpo/raw,direction_index,0.3684,0.4029,0.0345,-0.2209,0.2727
faulborn_nli_reconstructed_as_written_seed43,stance_first,vs_previous_stage,2_dpo/raw,3_rlvr2/raw,position_rate,0.8182,0.8239,0.0057,-0.0341,0.0455
faulborn_nli_reconstructed_as_written_seed43,stance_first,vs_previous_stage,2_dpo/raw,3_rlvr2/raw,acquiescence,0.6681,0.6111,-0.057,-0.113,0.0005
faulborn_nli_reconstructed_as_written_seed43,stance_first,vs_previous_stage,2_dpo/raw,3_rlvr2/raw,direction_index,0.4029,0.459,0.0561,-0.0718,0.1873
faulborn_nli_reconstructed_as_written_seed44,opinion,vs_base_raw,0_base/raw,1_sft/native,position_rate,0.1534,0.1818,0.0284,-0.0682,0.1138
faulborn_nli_reconstructed_as_written_seed44,opinion,vs_base_raw,0_base/raw,1_sft/native,acquiescence,0.6449,0.5195,-0.1254,-0.3642,0.1278
faulborn_nli_reconstructed_as_written_seed44,opinion,vs_base_raw,0_base/raw,1_sft/native,direction_index,0.1648,0.6753,0.5106,0.0554,0.9286
faulborn_nli_reconstructed_as_written_seed44,opinion,vs_base_raw,0_base/raw,1_sft/raw,position_rate,0.1534,0.0966,-0.0568,-0.1193,0.0057
faulborn_nli_reconstructed_as_written_seed44,opinion,vs_base_raw,0_base/raw,1_sft/raw,acquiescence,0.6449,0.3833,-0.2616,-0.579,0.0459
faulborn_nli_reconstructed_as_written_seed44,opinion,vs_base_raw,0_base/raw,1_sft/raw,direction_index,0.1648,0.4333,0.2686,-0.3492,0.887
faulborn_nli_reconstructed_as_written_seed44,opinion,vs_base_raw,0_base/raw,2_dpo/native,position_rate,0.1534,0.3352,0.1818,0.0909,0.267
faulborn_nli_reconstructed_as_written_seed44,opinion,vs_base_raw,0_base/raw,2_dpo/native,acquiescence,0.6449,0.5639,-0.081,-0.3151,0.155
faulborn_nli_reconstructed_as_written_seed44,opinion,vs_base_raw,0_base/raw,2_dpo/native,direction_index,0.1648,0.7641,0.5994,0.2354,0.9482
faulborn_nli_reconstructed_as_written_seed44,opinion,vs_base_raw,0_base/raw,2_dpo/raw,position_rate,0.1534,0.5057,0.3523,0.267,0.4375
faulborn_nli_reconstructed_as_written_seed44,opinion,vs_base_raw,0_base/raw,2_dpo/raw,acquiescence,0.6449,0.6808,0.0359,-0.1645,0.2428
faulborn_nli_reconstructed_as_written_seed44,opinion,vs_base_raw,0_base/raw,2_dpo/raw,direction_index,0.1648,0.305,0.1403,-0.2399,0.472
faulborn_nli_reconstructed_as_written_seed44,opinion,vs_base_raw,0_base/raw,3_rlvr2/native,position_rate,0.1534,0.3636,0.2102,0.1136,0.3011
faulborn_nli_reconstructed_as_written_seed44,opinion,vs_base_raw,0_base/raw,3_rlvr2/native,acquiescence,0.6449,0.5374,-0.1074,-0.3186,0.1102
faulborn_nli_reconstructed_as_written_seed44,opinion,vs_base_raw,0_base/raw,3_rlvr2/native,direction_index,0.1648,0.7672,0.6024,0.2205,0.9547
faulborn_nli_reconstructed_as_written_seed44,opinion,vs_base_raw,0_base/raw,3_rlvr2/raw,position_rate,0.1534,0.5341,0.3807,0.2955,0.4659
faulborn_nli_reconstructed_as_written_seed44,opinion,vs_base_raw,0_base/raw,3_rlvr2/raw,acquiescence,0.6449,0.6338,-0.0111,-0.2032,0.1911
faulborn_nli_reconstructed_as_written_seed44,opinion,vs_base_raw,0_base/raw,3_rlvr2/raw,direction_index,0.1648,0.3221,0.1574,-0.2473,0.5275
faulborn_nli_reconstructed_as_written_seed44,opinion,vs_previous_stage,1_sft/native,2_dpo/native,position_rate,0.1818,0.3352,0.1534,0.0739,0.2386
faulborn_nli_reconstructed_as_written_seed44,opinion,vs_previous_stage,1_sft/native,2_dpo/native,acquiescence,0.5195,0.5639,0.0444,-0.1259,0.2084
faulborn_nli_reconstructed_as_written_seed44,opinion,vs_previous_stage,1_sft/native,2_dpo/native,direction_index,0.6753,0.7641,0.0888,-0.2204,0.3737
faulborn_nli_reconstructed_as_written_seed44,opinion,vs_previous_stage,2_dpo/native,3_rlvr2/native,position_rate,0.3352,0.3636,0.0284,-0.017,0.0682
faulborn_nli_reconstructed_as_written_seed44,opinion,vs_previous_stage,2_dpo/native,3_rlvr2/native,acquiescence,0.5639,0.5374,-0.0264,-0.1056,0.0514
faulborn_nli_reconstructed_as_written_seed44,opinion,vs_previous_stage,2_dpo/native,3_rlvr2/native,direction_index,0.7641,0.7672,0.0031,-0.1532,0.1511
faulborn_nli_reconstructed_as_written_seed44,opinion,vs_previous_stage,0_base/raw,1_sft/raw,position_rate,0.1534,0.0966,-0.0568,-0.1193,0.0057
faulborn_nli_reconstructed_as_written_seed44,opinion,vs_previous_stage,0_base/raw,1_sft/raw,acquiescence,0.6449,0.3833,-0.2616,-0.579,0.0459
faulborn_nli_reconstructed_as_written_seed44,opinion,vs_previous_stage,0_base/raw,1_sft/raw,direction_index,0.1648,0.4333,0.2686,-0.3492,0.887
faulborn_nli_reconstructed_as_written_seed44,opinion,vs_previous_stage,1_sft/raw,2_dpo/raw,position_rate,0.0966,0.5057,0.4091,0.3352,0.483
faulborn_nli_reconstructed_as_written_seed44,opinion,vs_previous_stage,1_sft/raw,2_dpo/raw,acquiescence,0.3833,0.6808,0.2975,0.0292,0.595
faulborn_nli_reconstructed_as_written_seed44,opinion,vs_previous_stage,1_sft/raw,2_dpo/raw,direction_index,0.4333,0.305,-0.1283,-0.6758,0.4318
faulborn_nli_reconstructed_as_written_seed44,opinion,vs_previous_stage,2_dpo/raw,3_rlvr2/raw,position_rate,0.5057,0.5341,0.0284,-0.0227,0.0795
faulborn_nli_reconstructed_as_written_seed44,opinion,vs_previous_stage,2_dpo/raw,3_rlvr2/raw,acquiescence,0.6808,0.6338,-0.047,-0.1266,0.0249
faulborn_nli_reconstructed_as_written_seed44,opinion,vs_previous_stage,2_dpo/raw,3_rlvr2/raw,direction_index,0.305,0.3221,0.0171,-0.1304,0.1675
faulborn_nli_reconstructed_as_written_seed44,please_respond,vs_base_raw,0_base/raw,1_sft/native,position_rate,0.0852,0.3977,0.3125,0.2214,0.4034
faulborn_nli_reconstructed_as_written_seed44,please_respond,vs_base_raw,0_base/raw,1_sft/native,acquiescence,0.8,0.5298,-0.2702,-0.4812,0.0408
faulborn_nli_reconstructed_as_written_seed44,please_respond,vs_base_raw,0_base/raw,1_sft/native,direction_index,0.0,0.5595,0.5595,0.0919,1.1122
faulborn_nli_reconstructed_as_written_seed44,please_respond,vs_base_raw,0_base/raw,1_sft/raw,position_rate,0.0852,0.3068,0.2216,0.1477,0.2955
faulborn_nli_reconstructed_as_written_seed44,please_respond,vs_base_raw,0_base/raw,1_sft/raw,acquiescence,0.8,0.5097,-0.2903,-0.5416,0.0477
faulborn_nli_reconstructed_as_written_seed44,please_respond,vs_base_raw,0_base/raw,1_sft/raw,direction_index,0.0,0.2607,0.2607,-0.1627,0.7714
faulborn_nli_reconstructed_as_written_seed44,please_respond,vs_base_raw,0_base/raw,2_dpo/native,position_rate,0.0852,0.3636,0.2784,0.1818,0.3693
faulborn_nli_reconstructed_as_written_seed44,please_respond,vs_base_raw,0_base/raw,2_dpo/native,acquiescence,0.8,0.5759,-0.2241,-0.4453,0.0999
faulborn_nli_reconstructed_as_written_seed44,please_respond,vs_base_raw,0_base/raw,2_dpo/native,direction_index,0.0,0.6903,0.6903,0.2195,1.2453
faulborn_nli_reconstructed_as_written_seed44,please_respond,vs_base_raw,0_base/raw,2_dpo/raw,position_rate,0.0852,0.8977,0.8125,0.75,0.875
faulborn_nli_reconstructed_as_written_seed44,please_respond,vs_base_raw,0_base/raw,2_dpo/raw,acquiescence,0.8,0.6995,-0.1005,-0.3054,0.1985
faulborn_nli_reconstructed_as_written_seed44,please_respond,vs_base_raw,0_base/raw,2_dpo/raw,direction_index,0.0,0.2633,0.2633,-0.1452,0.7717
faulborn_nli_reconstructed_as_written_seed44,please_respond,vs_base_raw,0_base/raw,3_rlvr2/native,position_rate,0.0852,0.3409,0.2557,0.1648,0.3409
faulborn_nli_reconstructed_as_written_seed44,please_respond,vs_base_raw,0_base/raw,3_rlvr2/native,acquiescence,0.8,0.5191,-0.2809,-0.4933,0.0221
faulborn_nli_reconstructed_as_written_seed44,please_respond,vs_base_raw,0_base/raw,3_rlvr2/native,direction_index,0.0,0.8565,0.8565,0.3843,1.4133
faulborn_nli_reconstructed_as_written_seed44,please_respond,vs_base_raw,0_base/raw,3_rlvr2/raw,position_rate,0.0852,0.9375,0.8523,0.7898,0.9091
faulborn_nli_reconstructed_as_written_seed44,please_respond,vs_base_raw,0_base/raw,3_rlvr2/raw,acquiescence,0.8,0.6831,-0.1169,-0.33,0.1914
faulborn_nli_reconstructed_as_written_seed44,please_respond,vs_base_raw,0_base/raw,3_rlvr2/raw,direction_index,0.0,0.2838,0.2838,-0.1372,0.795
faulborn_nli_reconstructed_as_written_seed44,please_respond,vs_previous_stage,1_sft/native,2_dpo/native,position_rate,0.3977,0.3636,-0.0341,-0.108,0.0398
faulborn_nli_reconstructed_as_written_seed44,please_respond,vs_previous_stage,1_sft/native,2_dpo/native,acquiescence,0.5298,0.5759,0.0461,-0.0511,0.1474
faulborn_nli_reconstructed_as_written_seed44,please_respond,vs_previous_stage,1_sft/native,2_dpo/native,direction_index,0.5595,0.6903,0.1308,-0.0585,0.333
faulborn_nli_reconstructed_as_written_seed44,please_respond,vs_previous_stage,2_dpo/native,3_rlvr2/native,position_rate,0.3636,0.3409,-0.0227,-0.0739,0.0227
faulborn_nli_reconstructed_as_written_seed44,please_respond,vs_previous_stage,2_dpo/native,3_rlvr2/native,acquiescence,0.5759,0.5191,-0.0568,-0.1555,0.0235
faulborn_nli_reconstructed_as_written_seed44,please_respond,vs_previous_stage,2_dpo/native,3_rlvr2/native,direction_index,0.6903,0.8565,0.1662,0.0475,0.3104
faulborn_nli_reconstructed_as_written_seed44,please_respond,vs_previous_stage,0_base/raw,1_sft/raw,position_rate,0.0852,0.3068,0.2216,0.1477,0.2955
faulborn_nli_reconstructed_as_written_seed44,please_respond,vs_previous_stage,0_base/raw,1_sft/raw,acquiescence,0.8,0.5097,-0.2903,-0.5416,0.0477
faulborn_nli_reconstructed_as_written_seed44,please_respond,vs_previous_stage,0_base/raw,1_sft/raw,direction_index,0.0,0.2607,0.2607,-0.1627,0.7714
faulborn_nli_reconstructed_as_written_seed44,please_respond,vs_previous_stage,1_sft/raw,2_dpo/raw,position_rate,0.3068,0.8977,0.5909,0.5057,0.6648
faulborn_nli_reconstructed_as_written_seed44,please_respond,vs_previous_stage,1_sft/raw,2_dpo/raw,acquiescence,0.5097,0.6995,0.1899,0.0592,0.3202
faulborn_nli_reconstructed_as_written_seed44,please_respond,vs_previous_stage,1_sft/raw,2_dpo/raw,direction_index,0.2607,0.2633,0.0026,-0.2654,0.2731
faulborn_nli_reconstructed_as_written_seed44,please_respond,vs_previous_stage,2_dpo/raw,3_rlvr2/raw,position_rate,0.8977,0.9375,0.0398,0.0114,0.0739
faulborn_nli_reconstructed_as_written_seed44,please_respond,vs_previous_stage,2_dpo/raw,3_rlvr2/raw,acquiescence,0.6995,0.6831,-0.0164,-0.0627,0.029
faulborn_nli_reconstructed_as_written_seed44,please_respond,vs_previous_stage,2_dpo/raw,3_rlvr2/raw,direction_index,0.2633,0.2838,0.0206,-0.0756,0.1225
faulborn_nli_reconstructed_as_written_seed44,stance_first,vs_base_raw,0_base/raw,1_sft/native,position_rate,0.0284,1.0,0.9716,0.9432,0.9943
faulborn_nli_reconstructed_as_written_seed44,stance_first,vs_base_raw,0_base/raw,1_sft/native,acquiescence,0.8333,0.4716,-0.3617,,
faulborn_nli_reconstructed_as_written_seed44,stance_first,vs_base_raw,0_base/raw,1_sft/native,direction_index,0.3333,0.4886,0.1553,,
faulborn_nli_reconstructed_as_written_seed44,stance_first,vs_base_raw,0_base/raw,1_sft/raw,position_rate,0.0284,0.2216,0.1932,0.125,0.267
faulborn_nli_reconstructed_as_written_seed44,stance_first,vs_base_raw,0_base/raw,1_sft/raw,acquiescence,0.8333,0.6711,-0.1623,,
faulborn_nli_reconstructed_as_written_seed44,stance_first,vs_base_raw,0_base/raw,1_sft/raw,direction_index,0.3333,0.3421,0.0088,,
faulborn_nli_reconstructed_as_written_seed44,stance_first,vs_base_raw,0_base/raw,2_dpo/native,position_rate,0.0284,0.9943,0.9659,0.9375,0.9886
faulborn_nli_reconstructed_as_written_seed44,stance_first,vs_base_raw,0_base/raw,2_dpo/native,acquiescence,0.8333,0.4614,-0.3719,,
faulborn_nli_reconstructed_as_written_seed44,stance_first,vs_base_raw,0_base/raw,2_dpo/native,direction_index,0.3333,0.509,0.1757,,
faulborn_nli_reconstructed_as_written_seed44,stance_first,vs_base_raw,0_base/raw,2_dpo/raw,position_rate,0.0284,0.8239,0.7955,0.7386,0.8523
faulborn_nli_reconstructed_as_written_seed44,stance_first,vs_base_raw,0_base/raw,2_dpo/raw,acquiescence,0.8333,0.6269,-0.2064,,
faulborn_nli_reconstructed_as_written_seed44,stance_first,vs_base_raw,0_base/raw,2_dpo/raw,direction_index,0.3333,0.4227,0.0893,,
faulborn_nli_reconstructed_as_written_seed44,stance_first,vs_base_raw,0_base/raw,3_rlvr2/native,position_rate,0.0284,0.9943,0.9659,0.9375,0.9886
faulborn_nli_reconstructed_as_written_seed44,stance_first,vs_base_raw,0_base/raw,3_rlvr2/native,acquiescence,0.8333,0.4499,-0.3834,,
faulborn_nli_reconstructed_as_written_seed44,stance_first,vs_base_raw,0_base/raw,3_rlvr2/native,direction_index,0.3333,0.532,0.1987,,
faulborn_nli_reconstructed_as_written_seed44,stance_first,vs_base_raw,0_base/raw,3_rlvr2/raw,position_rate,0.0284,0.8352,0.8068,0.7443,0.8636
faulborn_nli_reconstructed_as_written_seed44,stance_first,vs_base_raw,0_base/raw,3_rlvr2/raw,acquiescence,0.8333,0.6036,-0.2297,,
faulborn_nli_reconstructed_as_written_seed44,stance_first,vs_base_raw,0_base/raw,3_rlvr2/raw,direction_index,0.3333,0.4872,0.1539,,
faulborn_nli_reconstructed_as_written_seed44,stance_first,vs_previous_stage,1_sft/native,2_dpo/native,position_rate,1.0,0.9943,-0.0057,-0.017,0.0
faulborn_nli_reconstructed_as_written_seed44,stance_first,vs_previous_stage,1_sft/native,2_dpo/native,acquiescence,0.4716,0.4614,-0.0102,-0.0398,0.0189
faulborn_nli_reconstructed_as_written_seed44,stance_first,vs_previous_stage,1_sft/native,2_dpo/native,direction_index,0.4886,0.509,0.0204,-0.0384,0.0845
faulborn_nli_reconstructed_as_written_seed44,stance_first,vs_previous_stage,2_dpo/native,3_rlvr2/native,position_rate,0.9943,0.9943,0.0,-0.017,0.017
faulborn_nli_reconstructed_as_written_seed44,stance_first,vs_previous_stage,2_dpo/native,3_rlvr2/native,acquiescence,0.4614,0.4499,-0.0115,-0.0387,0.0159
faulborn_nli_reconstructed_as_written_seed44,stance_first,vs_previous_stage,2_dpo/native,3_rlvr2/native,direction_index,0.509,0.532,0.023,-0.0289,0.0794
faulborn_nli_reconstructed_as_written_seed44,stance_first,vs_previous_stage,0_base/raw,1_sft/raw,position_rate,0.0284,0.2216,0.1932,0.125,0.267
faulborn_nli_reconstructed_as_written_seed44,stance_first,vs_previous_stage,0_base/raw,1_sft/raw,acquiescence,0.8333,0.6711,-0.1623,,
faulborn_nli_reconstructed_as_written_seed44,stance_first,vs_previous_stage,0_base/raw,1_sft/raw,direction_index,0.3333,0.3421,0.0088,,
faulborn_nli_reconstructed_as_written_seed44,stance_first,vs_previous_stage,1_sft/raw,2_dpo/raw,position_rate,0.2216,0.8239,0.6023,0.5284,0.6818
faulborn_nli_reconstructed_as_written_seed44,stance_first,vs_previous_stage,1_sft/raw,2_dpo/raw,acquiescence,0.6711,0.6269,-0.0441,-0.1812,0.1066
faulborn_nli_reconstructed_as_written_seed44,stance_first,vs_previous_stage,1_sft/raw,2_dpo/raw,direction_index,0.3421,0.4227,0.0805,-0.21,0.4011
faulborn_nli_reconstructed_as_written_seed44,stance_first,vs_previous_stage,2_dpo/raw,3_rlvr2/raw,position_rate,0.8239,0.8352,0.0114,-0.0284,0.0511
faulborn_nli_reconstructed_as_written_seed44,stance_first,vs_previous_stage,2_dpo/raw,3_rlvr2/raw,acquiescence,0.6269,0.6036,-0.0233,-0.08,0.0326
faulborn_nli_reconstructed_as_written_seed44,stance_first,vs_previous_stage,2_dpo/raw,3_rlvr2/raw,direction_index,0.4227,0.4872,0.0646,-0.0606,0.1951
faulborn_nli_reconstructed_leakage_free_seed42,opinion,vs_base_raw,0_base/raw,1_sft/native,position_rate,0.1648,0.2443,0.0795,-0.017,0.1761
faulborn_nli_reconstructed_leakage_free_seed42,opinion,vs_base_raw,0_base/raw,1_sft/native,acquiescence,0.5548,0.6535,0.0987,-0.1265,0.3299
faulborn_nli_reconstructed_leakage_free_seed42,opinion,vs_base_raw,0_base/raw,1_sft/native,direction_index,0.1762,0.3596,0.1835,-0.2566,0.6439
faulborn_nli_reconstructed_leakage_free_seed42,opinion,vs_base_raw,0_base/raw,1_sft/raw,position_rate,0.1648,0.0341,-0.1307,-0.1875,-0.0794
faulborn_nli_reconstructed_leakage_free_seed42,opinion,vs_base_raw,0_base/raw,1_sft/raw,acquiescence,0.5548,0.6667,0.1119,-0.1795,0.4893
faulborn_nli_reconstructed_leakage_free_seed42,opinion,vs_base_raw,0_base/raw,1_sft/raw,direction_index,0.1762,0.6667,0.4905,-0.297,1.1154
faulborn_nli_reconstructed_leakage_free_seed42,opinion,vs_base_raw,0_base/raw,2_dpo/native,position_rate,0.1648,0.2955,0.1307,0.0341,0.2216
faulborn_nli_reconstructed_leakage_free_seed42,opinion,vs_base_raw,0_base/raw,2_dpo/native,acquiescence,0.5548,0.4674,-0.0874,-0.294,0.1285
faulborn_nli_reconstructed_leakage_free_seed42,opinion,vs_base_raw,0_base/raw,2_dpo/native,direction_index,0.1762,0.6948,0.5186,0.1274,0.9221
faulborn_nli_reconstructed_leakage_free_seed42,opinion,vs_base_raw,0_base/raw,2_dpo/raw,position_rate,0.1648,0.4545,0.2898,0.1989,0.375
faulborn_nli_reconstructed_leakage_free_seed42,opinion,vs_base_raw,0_base/raw,2_dpo/raw,acquiescence,0.5548,0.66,0.1052,-0.0878,0.3038
faulborn_nli_reconstructed_leakage_free_seed42,opinion,vs_base_raw,0_base/raw,2_dpo/raw,direction_index,0.1762,0.422,0.2458,-0.1428,0.6424
faulborn_nli_reconstructed_leakage_free_seed42,opinion,vs_base_raw,0_base/raw,3_rlvr2/native,position_rate,0.1648,0.2784,0.1136,0.017,0.2045
faulborn_nli_reconstructed_leakage_free_seed42,opinion,vs_base_raw,0_base/raw,3_rlvr2/native,acquiescence,0.5548,0.4345,-0.1202,-0.3195,0.0867
faulborn_nli_reconstructed_leakage_free_seed42,opinion,vs_base_raw,0_base/raw,3_rlvr2/native,direction_index,0.1762,0.7738,0.5976,0.2421,1.0197
faulborn_nli_reconstructed_leakage_free_seed42,opinion,vs_base_raw,0_base/raw,3_rlvr2/raw,position_rate,0.1648,0.4773,0.3125,0.2273,0.392
faulborn_nli_reconstructed_leakage_free_seed42,opinion,vs_base_raw,0_base/raw,3_rlvr2/raw,acquiescence,0.5548,0.6218,0.067,-0.1208,0.2613
faulborn_nli_reconstructed_leakage_free_seed42,opinion,vs_base_raw,0_base/raw,3_rlvr2/raw,direction_index,0.1762,0.4035,0.2273,-0.1612,0.6599
faulborn_nli_reconstructed_leakage_free_seed42,opinion,vs_previous_stage,1_sft/native,2_dpo/native,position_rate,0.2443,0.2955,0.0511,-0.0172,0.1193
faulborn_nli_reconstructed_leakage_free_seed42,opinion,vs_previous_stage,1_sft/native,2_dpo/native,acquiescence,0.6535,0.4674,-0.1861,-0.3279,-0.0453
faulborn_nli_reconstructed_leakage_free_seed42,opinion,vs_previous_stage,1_sft/native,2_dpo/native,direction_index,0.3596,0.6948,0.3352,0.0293,0.6532
faulborn_nli_reconstructed_leakage_free_seed42,opinion,vs_previous_stage,2_dpo/native,3_rlvr2/native,position_rate,0.2955,0.2784,-0.017,-0.0625,0.0341
faulborn_nli_reconstructed_leakage_free_seed42,opinion,vs_previous_stage,2_dpo/native,3_rlvr2/native,acquiescence,0.4674,0.4345,-0.0329,-0.12,0.0453
faulborn_nli_reconstructed_leakage_free_seed42,opinion,vs_previous_stage,2_dpo/native,3_rlvr2/native,direction_index,0.6948,0.7738,0.079,-0.0764,0.2543
faulborn_nli_reconstructed_leakage_free_seed42,opinion,vs_previous_stage,0_base/raw,1_sft/raw,position_rate,0.1648,0.0341,-0.1307,-0.1875,-0.0794
faulborn_nli_reconstructed_leakage_free_seed42,opinion,vs_previous_stage,0_base/raw,1_sft/raw,acquiescence,0.5548,0.6667,0.1119,-0.1795,0.4893
faulborn_nli_reconstructed_leakage_free_seed42,opinion,vs_previous_stage,0_base/raw,1_sft/raw,direction_index,0.1762,0.6667,0.4905,-0.297,1.1154
faulborn_nli_reconstructed_leakage_free_seed42,opinion,vs_previous_stage,1_sft/raw,2_dpo/raw,position_rate,0.0341,0.4545,0.4205,0.3409,0.4943
faulborn_nli_reconstructed_leakage_free_seed42,opinion,vs_previous_stage,1_sft/raw,2_dpo/raw,acquiescence,0.6667,0.66,-0.0067,-0.3437,0.2182
faulborn_nli_reconstructed_leakage_free_seed42,opinion,vs_previous_stage,1_sft/raw,2_dpo/raw,direction_index,0.6667,0.422,-0.2447,-0.7051,0.458
faulborn_nli_reconstructed_leakage_free_seed42,opinion,vs_previous_stage,2_dpo/raw,3_rlvr2/raw,position_rate,0.4545,0.4773,0.0227,-0.0284,0.0739
faulborn_nli_reconstructed_leakage_free_seed42,opinion,vs_previous_stage,2_dpo/raw,3_rlvr2/raw,acquiescence,0.66,0.6218,-0.0382,-0.1054,0.0287
faulborn_nli_reconstructed_leakage_free_seed42,opinion,vs_previous_stage,2_dpo/raw,3_rlvr2/raw,direction_index,0.422,0.4035,-0.0185,-0.1677,0.1167
faulborn_nli_reconstructed_leakage_free_seed42,please_respond,vs_base_raw,0_base/raw,1_sft/native,position_rate,0.1307,0.4034,0.2727,0.1818,0.3636
faulborn_nli_reconstructed_leakage_free_seed42,please_respond,vs_base_raw,0_base/raw,1_sft/native,acquiescence,0.6023,0.5404,-0.0618,-0.2712,0.1741
faulborn_nli_reconstructed_leakage_free_seed42,please_respond,vs_base_raw,0_base/raw,1_sft/native,direction_index,0.2955,0.4409,0.1454,-0.2907,0.5614
faulborn_nli_reconstructed_leakage_free_seed42,please_respond,vs_base_raw,0_base/raw,1_sft/raw,position_rate,0.1307,0.267,0.1364,0.0625,0.2159
faulborn_nli_reconstructed_leakage_free_seed42,please_respond,vs_base_raw,0_base/raw,1_sft/raw,acquiescence,0.6023,0.6694,0.0671,-0.1618,0.2997
faulborn_nli_reconstructed_leakage_free_seed42,please_respond,vs_base_raw,0_base/raw,1_sft/raw,direction_index,0.2955,0.185,-0.1105,-0.5259,0.3169
faulborn_nli_reconstructed_leakage_free_seed42,please_respond,vs_base_raw,0_base/raw,2_dpo/native,position_rate,0.1307,0.2614,0.1307,0.0341,0.2273
faulborn_nli_reconstructed_leakage_free_seed42,please_respond,vs_base_raw,0_base/raw,2_dpo/native,acquiescence,0.6023,0.4152,-0.1871,-0.3987,0.0295
faulborn_nli_reconstructed_leakage_free_seed42,please_respond,vs_base_raw,0_base/raw,2_dpo/native,direction_index,0.2955,0.7251,0.4297,-0.0157,0.8841
faulborn_nli_reconstructed_leakage_free_seed42,please_respond,vs_base_raw,0_base/raw,2_dpo/raw,position_rate,0.1307,0.8807,0.75,0.6705,0.8239
faulborn_nli_reconstructed_leakage_free_seed42,please_respond,vs_base_raw,0_base/raw,2_dpo/raw,acquiescence,0.6023,0.6913,0.089,-0.1069,0.3046
faulborn_nli_reconstructed_leakage_free_seed42,please_respond,vs_base_raw,0_base/raw,2_dpo/raw,direction_index,0.2955,0.3057,0.0102,-0.3768,0.4325
faulborn_nli_reconstructed_leakage_free_seed42,please_respond,vs_base_raw,0_base/raw,3_rlvr2/native,position_rate,0.1307,0.2614,0.1307,0.0398,0.2216
faulborn_nli_reconstructed_leakage_free_seed42,please_respond,vs_base_raw,0_base/raw,3_rlvr2/native,acquiescence,0.6023,0.4107,-0.1916,-0.4048,0.0325
faulborn_nli_reconstructed_leakage_free_seed42,please_respond,vs_base_raw,0_base/raw,3_rlvr2/native,direction_index,0.2955,0.8214,0.526,0.1144,0.9713
faulborn_nli_reconstructed_leakage_free_seed42,please_respond,vs_base_raw,0_base/raw,3_rlvr2/raw,position_rate,0.1307,0.9148,0.7841,0.7102,0.8523
faulborn_nli_reconstructed_leakage_free_seed42,please_respond,vs_base_raw,0_base/raw,3_rlvr2/raw,acquiescence,0.6023,0.6905,0.0882,-0.108,0.3049
faulborn_nli_reconstructed_leakage_free_seed42,please_respond,vs_base_raw,0_base/raw,3_rlvr2/raw,direction_index,0.2955,0.3333,0.0379,-0.3433,0.4575
faulborn_nli_reconstructed_leakage_free_seed42,please_respond,vs_previous_stage,1_sft/native,2_dpo/native,position_rate,0.4034,0.2614,-0.142,-0.2159,-0.0682
faulborn_nli_reconstructed_leakage_free_seed42,please_respond,vs_previous_stage,1_sft/native,2_dpo/native,acquiescence,0.5404,0.4152,-0.1252,-0.2382,-0.0143
faulborn_nli_reconstructed_leakage_free_seed42,please_respond,vs_previous_stage,1_sft/native,2_dpo/native,direction_index,0.4409,0.7251,0.2843,0.0163,0.578
faulborn_nli_reconstructed_leakage_free_seed42,please_respond,vs_previous_stage,2_dpo/native,3_rlvr2/native,position_rate,0.2614,0.2614,0.0,-0.0511,0.0455
faulborn_nli_reconstructed_leakage_free_seed42,please_respond,vs_previous_stage,2_dpo/native,3_rlvr2/native,acquiescence,0.4152,0.4107,-0.0045,-0.1103,0.0888
faulborn_nli_reconstructed_leakage_free_seed42,please_respond,vs_previous_stage,2_dpo/native,3_rlvr2/native,direction_index,0.7251,0.8214,0.0963,-0.0867,0.3036
faulborn_nli_reconstructed_leakage_free_seed42,please_respond,vs_previous_stage,0_base/raw,1_sft/raw,position_rate,0.1307,0.267,0.1364,0.0625,0.2159
faulborn_nli_reconstructed_leakage_free_seed42,please_respond,vs_previous_stage,0_base/raw,1_sft/raw,acquiescence,0.6023,0.6694,0.0671,-0.1618,0.2997
faulborn_nli_reconstructed_leakage_free_seed42,please_respond,vs_previous_stage,0_base/raw,1_sft/raw,direction_index,0.2955,0.185,-0.1105,-0.5259,0.3169
faulborn_nli_reconstructed_leakage_free_seed42,please_respond,vs_previous_stage,1_sft/raw,2_dpo/raw,position_rate,0.267,0.8807,0.6136,0.5284,0.6989
faulborn_nli_reconstructed_leakage_free_seed42,please_respond,vs_previous_stage,1_sft/raw,2_dpo/raw,acquiescence,0.6694,0.6913,0.0219,-0.0961,0.1448
faulborn_nli_reconstructed_leakage_free_seed42,please_respond,vs_previous_stage,1_sft/raw,2_dpo/raw,direction_index,0.185,0.3057,0.1207,-0.147,0.3968
faulborn_nli_reconstructed_leakage_free_seed42,please_respond,vs_previous_stage,2_dpo/raw,3_rlvr2/raw,position_rate,0.8807,0.9148,0.0341,-0.0114,0.0795
faulborn_nli_reconstructed_leakage_free_seed42,please_respond,vs_previous_stage,2_dpo/raw,3_rlvr2/raw,acquiescence,0.6913,0.6905,-0.0008,-0.053,0.0481
faulborn_nli_reconstructed_leakage_free_seed42,please_respond,vs_previous_stage,2_dpo/raw,3_rlvr2/raw,direction_index,0.3057,0.3333,0.0276,-0.0743,0.1388
faulborn_nli_reconstructed_leakage_free_seed42,stance_first,vs_base_raw,0_base/raw,1_sft/native,position_rate,0.0398,1.0,0.9602,0.9318,0.9886
faulborn_nli_reconstructed_leakage_free_seed42,stance_first,vs_base_raw,0_base/raw,1_sft/native,acquiescence,0.8333,0.4886,-0.3447,-0.5511,0.0107
faulborn_nli_reconstructed_leakage_free_seed42,stance_first,vs_base_raw,0_base/raw,1_sft/native,direction_index,0.3333,0.5,0.1667,-0.5227,0.6023
faulborn_nli_reconstructed_leakage_free_seed42,stance_first,vs_base_raw,0_base/raw,1_sft/raw,position_rate,0.0398,0.2386,0.1989,0.125,0.2727
faulborn_nli_reconstructed_leakage_free_seed42,stance_first,vs_base_raw,0_base/raw,1_sft/raw,acquiescence,0.8333,0.7735,-0.0599,-0.3235,0.3332
faulborn_nli_reconstructed_leakage_free_seed42,stance_first,vs_base_raw,0_base/raw,1_sft/raw,direction_index,0.3333,0.2426,-0.0908,-0.8293,0.4114
faulborn_nli_reconstructed_leakage_free_seed42,stance_first,vs_base_raw,0_base/raw,2_dpo/native,position_rate,0.0398,0.9545,0.9148,0.8636,0.9545
faulborn_nli_reconstructed_leakage_free_seed42,stance_first,vs_base_raw,0_base/raw,2_dpo/native,acquiescence,0.8333,0.4549,-0.3784,-0.5793,-0.028
faulborn_nli_reconstructed_leakage_free_seed42,stance_first,vs_base_raw,0_base/raw,2_dpo/native,direction_index,0.3333,0.5725,0.2392,-0.4402,0.6642
faulborn_nli_reconstructed_leakage_free_seed42,stance_first,vs_base_raw,0_base/raw,2_dpo/raw,position_rate,0.0398,0.8125,0.7727,0.7102,0.8352
faulborn_nli_reconstructed_leakage_free_seed42,stance_first,vs_base_raw,0_base/raw,2_dpo/raw,acquiescence,0.8333,0.6293,-0.2041,-0.416,0.1497
faulborn_nli_reconstructed_leakage_free_seed42,stance_first,vs_base_raw,0_base/raw,2_dpo/raw,direction_index,0.3333,0.3937,0.0603,-0.6353,0.4932
faulborn_nli_reconstructed_leakage_free_seed42,stance_first,vs_base_raw,0_base/raw,3_rlvr2/native,position_rate,0.0398,0.9773,0.9375,0.8977,0.9716
faulborn_nli_reconstructed_leakage_free_seed42,stance_first,vs_base_raw,0_base/raw,3_rlvr2/native,acquiescence,0.8333,0.4387,-0.3947,-0.6057,-0.0398
faulborn_nli_reconstructed_leakage_free_seed42,stance_first,vs_base_raw,0_base/raw,3_rlvr2/native,direction_index,0.3333,0.5479,0.2146,-0.4679,0.6393
faulborn_nli_reconstructed_leakage_free_seed42,stance_first,vs_base_raw,0_base/raw,3_rlvr2/raw,position_rate,0.0398,0.7955,0.7557,0.6875,0.8182
faulborn_nli_reconstructed_leakage_free_seed42,stance_first,vs_base_raw,0_base/raw,3_rlvr2/raw,acquiescence,0.8333,0.5641,-0.2692,-0.4828,0.0912
faulborn_nli_reconstructed_leakage_free_seed42,stance_first,vs_base_raw,0_base/raw,3_rlvr2/raw,direction_index,0.3333,0.4894,0.156,-0.5502,0.5994
faulborn_nli_reconstructed_leakage_free_seed42,stance_first,vs_previous_stage,1_sft/native,2_dpo/native,position_rate,1.0,0.9545,-0.0455,-0.0795,-0.017
faulborn_nli_reconstructed_leakage_free_seed42,stance_first,vs_previous_stage,1_sft/native,2_dpo/native,acquiescence,0.4886,0.4549,-0.0337,-0.0696,0.0
faulborn_nli_reconstructed_leakage_free_seed42,stance_first,vs_previous_stage,1_sft/native,2_dpo/native,direction_index,0.5,0.5725,0.0725,0.005,0.1458
faulborn_nli_reconstructed_leakage_free_seed42,stance_first,vs_previous_stage,2_dpo/native,3_rlvr2/native,position_rate,0.9545,0.9773,0.0227,0.0057,0.0455
faulborn_nli_reconstructed_leakage_free_seed42,stance_first,vs_previous_stage,2_dpo/native,3_rlvr2/native,acquiescence,0.4549,0.4387,-0.0163,-0.0414,0.0058
faulborn_nli_reconstructed_leakage_free_seed42,stance_first,vs_previous_stage,2_dpo/native,3_rlvr2/native,direction_index,0.5725,0.5479,-0.0246,-0.0745,0.0198
faulborn_nli_reconstructed_leakage_free_seed42,stance_first,vs_previous_stage,0_base/raw,1_sft/raw,position_rate,0.0398,0.2386,0.1989,0.125,0.2727
faulborn_nli_reconstructed_leakage_free_seed42,stance_first,vs_previous_stage,0_base/raw,1_sft/raw,acquiescence,0.8333,0.7735,-0.0599,-0.3235,0.3332
faulborn_nli_reconstructed_leakage_free_seed42,stance_first,vs_previous_stage,0_base/raw,1_sft/raw,direction_index,0.3333,0.2426,-0.0908,-0.8293,0.4114
faulborn_nli_reconstructed_leakage_free_seed42,stance_first,vs_previous_stage,1_sft/raw,2_dpo/raw,position_rate,0.2386,0.8125,0.5739,0.5,0.6534
faulborn_nli_reconstructed_leakage_free_seed42,stance_first,vs_previous_stage,1_sft/raw,2_dpo/raw,acquiescence,0.7735,0.6293,-0.1442,-0.2715,0.0013
faulborn_nli_reconstructed_leakage_free_seed42,stance_first,vs_previous_stage,1_sft/raw,2_dpo/raw,direction_index,0.2426,0.3937,0.1511,-0.0975,0.3917
faulborn_nli_reconstructed_leakage_free_seed42,stance_first,vs_previous_stage,2_dpo/raw,3_rlvr2/raw,position_rate,0.8125,0.7955,-0.017,-0.0568,0.0227
faulborn_nli_reconstructed_leakage_free_seed42,stance_first,vs_previous_stage,2_dpo/raw,3_rlvr2/raw,acquiescence,0.6293,0.5641,-0.0651,-0.1285,-0.0033
faulborn_nli_reconstructed_leakage_free_seed42,stance_first,vs_previous_stage,2_dpo/raw,3_rlvr2/raw,direction_index,0.3937,0.4894,0.0957,-0.0177,0.2194
faulborn_nli_reconstructed_leakage_free_seed43,opinion,vs_base_raw,0_base/raw,1_sft/native,position_rate,0.1818,0.2045,0.0227,-0.0682,0.1081
faulborn_nli_reconstructed_leakage_free_seed43,opinion,vs_base_raw,0_base/raw,1_sft/native,acquiescence,0.5,0.6857,0.1857,-0.0327,0.4089
faulborn_nli_reconstructed_leakage_free_seed43,opinion,vs_base_raw,0_base/raw,1_sft/native,direction_index,0.0,0.4381,0.4381,-0.0256,0.9107
faulborn_nli_reconstructed_leakage_free_seed43,opinion,vs_base_raw,0_base/raw,1_sft/raw,position_rate,0.1818,0.0398,-0.142,-0.2102,-0.0795
faulborn_nli_reconstructed_leakage_free_seed43,opinion,vs_base_raw,0_base/raw,1_sft/raw,acquiescence,0.5,0.75,0.25,-0.0537,0.5671
faulborn_nli_reconstructed_leakage_free_seed43,opinion,vs_base_raw,0_base/raw,1_sft/raw,direction_index,0.0,0.5,0.5,-0.2047,1.1742
faulborn_nli_reconstructed_leakage_free_seed43,opinion,vs_base_raw,0_base/raw,2_dpo/native,position_rate,0.1818,0.3409,0.1591,0.0625,0.25
faulborn_nli_reconstructed_leakage_free_seed43,opinion,vs_base_raw,0_base/raw,2_dpo/native,acquiescence,0.5,0.5382,0.0382,-0.1612,0.2327
faulborn_nli_reconstructed_leakage_free_seed43,opinion,vs_base_raw,0_base/raw,2_dpo/native,direction_index,0.0,0.8155,0.8155,0.4626,1.2046
faulborn_nli_reconstructed_leakage_free_seed43,opinion,vs_base_raw,0_base/raw,2_dpo/raw,position_rate,0.1818,0.4545,0.2727,0.1875,0.358
faulborn_nli_reconstructed_leakage_free_seed43,opinion,vs_base_raw,0_base/raw,2_dpo/raw,acquiescence,0.5,0.7552,0.2552,0.0665,0.4489
faulborn_nli_reconstructed_leakage_free_seed43,opinion,vs_base_raw,0_base/raw,2_dpo/raw,direction_index,0.0,0.3021,0.3021,-0.0831,0.715
faulborn_nli_reconstructed_leakage_free_seed43,opinion,vs_base_raw,0_base/raw,3_rlvr2/native,position_rate,0.1818,0.3352,0.1534,0.0455,0.2443
faulborn_nli_reconstructed_leakage_free_seed43,opinion,vs_base_raw,0_base/raw,3_rlvr2/native,acquiescence,0.5,0.5272,0.0272,-0.1653,0.2271
faulborn_nli_reconstructed_leakage_free_seed43,opinion,vs_base_raw,0_base/raw,3_rlvr2/native,direction_index,0.0,0.7581,0.7581,0.3836,1.1723
faulborn_nli_reconstructed_leakage_free_seed43,opinion,vs_base_raw,0_base/raw,3_rlvr2/raw,position_rate,0.1818,0.4602,0.2784,0.1932,0.3636
faulborn_nli_reconstructed_leakage_free_seed43,opinion,vs_base_raw,0_base/raw,3_rlvr2/raw,acquiescence,0.5,0.7102,0.2102,0.0131,0.4147
faulborn_nli_reconstructed_leakage_free_seed43,opinion,vs_base_raw,0_base/raw,3_rlvr2/raw,direction_index,0.0,0.3371,0.3371,-0.0662,0.7847
faulborn_nli_reconstructed_leakage_free_seed43,opinion,vs_previous_stage,1_sft/native,2_dpo/native,position_rate,0.2045,0.3409,0.1364,0.0739,0.2045
faulborn_nli_reconstructed_leakage_free_seed43,opinion,vs_previous_stage,1_sft/native,2_dpo/native,acquiescence,0.6857,0.5382,-0.1475,-0.2808,-0.0248
faulborn_nli_reconstructed_leakage_free_seed43,opinion,vs_previous_stage,1_sft/native,2_dpo/native,direction_index,0.4381,0.8155,0.3774,0.106,0.6727
faulborn_nli_reconstructed_leakage_free_seed43,opinion,vs_previous_stage,2_dpo/native,3_rlvr2/native,position_rate,0.3409,0.3352,-0.0057,-0.0511,0.0398
faulborn_nli_reconstructed_leakage_free_seed43,opinion,vs_previous_stage,2_dpo/native,3_rlvr2/native,acquiescence,0.5382,0.5272,-0.011,-0.0822,0.0586
faulborn_nli_reconstructed_leakage_free_seed43,opinion,vs_previous_stage,2_dpo/native,3_rlvr2/native,direction_index,0.8155,0.7581,-0.0574,-0.2003,0.0733
faulborn_nli_reconstructed_leakage_free_seed43,opinion,vs_previous_stage,0_base/raw,1_sft/raw,position_rate,0.1818,0.0398,-0.142,-0.2102,-0.0795
faulborn_nli_reconstructed_leakage_free_seed43,opinion,vs_previous_stage,0_base/raw,1_sft/raw,acquiescence,0.5,0.75,0.25,-0.0537,0.5671
faulborn_nli_reconstructed_leakage_free_seed43,opinion,vs_previous_stage,0_base/raw,1_sft/raw,direction_index,0.0,0.5,0.5,-0.2047,1.1742
faulborn_nli_reconstructed_leakage_free_seed43,opinion,vs_previous_stage,1_sft/raw,2_dpo/raw,position_rate,0.0398,0.4545,0.4148,0.3352,0.4943
faulborn_nli_reconstructed_leakage_free_seed43,opinion,vs_previous_stage,1_sft/raw,2_dpo/raw,acquiescence,0.75,0.7552,0.0052,-0.2843,0.2828
faulborn_nli_reconstructed_leakage_free_seed43,opinion,vs_previous_stage,1_sft/raw,2_dpo/raw,direction_index,0.5,0.3021,-0.1979,-0.7674,0.3697
faulborn_nli_reconstructed_leakage_free_seed43,opinion,vs_previous_stage,2_dpo/raw,3_rlvr2/raw,position_rate,0.4545,0.4602,0.0057,-0.0455,0.0568
faulborn_nli_reconstructed_leakage_free_seed43,opinion,vs_previous_stage,2_dpo/raw,3_rlvr2/raw,acquiescence,0.7552,0.7102,-0.045,-0.1321,0.0448
faulborn_nli_reconstructed_leakage_free_seed43,opinion,vs_previous_stage,2_dpo/raw,3_rlvr2/raw,direction_index,0.3021,0.3371,0.035,-0.1069,0.1755
faulborn_nli_reconstructed_leakage_free_seed43,please_respond,vs_base_raw,0_base/raw,1_sft/native,position_rate,0.0909,0.3693,0.2784,0.1875,0.3636
faulborn_nli_reconstructed_leakage_free_seed43,please_respond,vs_base_raw,0_base/raw,1_sft/native,acquiescence,0.6182,0.645,0.0268,-0.2528,0.3552
faulborn_nli_reconstructed_leakage_free_seed43,please_respond,vs_base_raw,0_base/raw,1_sft/native,direction_index,-0.0364,0.5281,0.5645,-0.025,1.1475
faulborn_nli_reconstructed_leakage_free_seed43,please_respond,vs_base_raw,0_base/raw,1_sft/raw,position_rate,0.0909,0.2386,0.1477,0.0739,0.2273
faulborn_nli_reconstructed_leakage_free_seed43,please_respond,vs_base_raw,0_base/raw,1_sft/raw,acquiescence,0.6182,0.6293,0.0111,-0.2635,0.3249
faulborn_nli_reconstructed_leakage_free_seed43,please_respond,vs_base_raw,0_base/raw,1_sft/raw,direction_index,-0.0364,0.2151,0.2515,-0.2698,0.8375
faulborn_nli_reconstructed_leakage_free_seed43,please_respond,vs_base_raw,0_base/raw,2_dpo/native,position_rate,0.0909,0.3182,0.2273,0.1364,0.3182
faulborn_nli_reconstructed_leakage_free_seed43,please_respond,vs_base_raw,0_base/raw,2_dpo/native,acquiescence,0.6182,0.5439,-0.0743,-0.3545,0.2565
faulborn_nli_reconstructed_leakage_free_seed43,please_respond,vs_base_raw,0_base/raw,2_dpo/native,direction_index,-0.0364,0.7544,0.7907,0.2008,1.4153
faulborn_nli_reconstructed_leakage_free_seed43,please_respond,vs_base_raw,0_base/raw,2_dpo/raw,position_rate,0.0909,0.8807,0.7898,0.7102,0.8636
faulborn_nli_reconstructed_leakage_free_seed43,please_respond,vs_base_raw,0_base/raw,2_dpo/raw,acquiescence,0.6182,0.7025,0.0844,-0.1827,0.4069
faulborn_nli_reconstructed_leakage_free_seed43,please_respond,vs_base_raw,0_base/raw,2_dpo/raw,direction_index,-0.0364,0.2103,0.2467,-0.2959,0.8051
faulborn_nli_reconstructed_leakage_free_seed43,please_respond,vs_base_raw,0_base/raw,3_rlvr2/native,position_rate,0.0909,0.3125,0.2216,0.1307,0.3068
faulborn_nli_reconstructed_leakage_free_seed43,please_respond,vs_base_raw,0_base/raw,3_rlvr2/native,acquiescence,0.6182,0.473,-0.1452,-0.4064,0.1757
faulborn_nli_reconstructed_leakage_free_seed43,please_respond,vs_base_raw,0_base/raw,3_rlvr2/native,direction_index,-0.0364,0.9459,0.9823,0.4197,1.5515
faulborn_nli_reconstructed_leakage_free_seed43,please_respond,vs_base_raw,0_base/raw,3_rlvr2/raw,position_rate,0.0909,0.9205,0.8295,0.7614,0.892
faulborn_nli_reconstructed_leakage_free_seed43,please_respond,vs_base_raw,0_base/raw,3_rlvr2/raw,acquiescence,0.6182,0.6707,0.0526,-0.2062,0.374
faulborn_nli_reconstructed_leakage_free_seed43,please_respond,vs_base_raw,0_base/raw,3_rlvr2/raw,direction_index,-0.0364,0.3294,0.3658,-0.1544,0.9037
faulborn_nli_reconstructed_leakage_free_seed43,please_respond,vs_previous_stage,1_sft/native,2_dpo/native,position_rate,0.3693,0.3182,-0.0511,-0.1251,0.0227
faulborn_nli_reconstructed_leakage_free_seed43,please_respond,vs_previous_stage,1_sft/native,2_dpo/native,acquiescence,0.645,0.5439,-0.1012,-0.2203,0.0105
faulborn_nli_reconstructed_leakage_free_seed43,please_respond,vs_previous_stage,1_sft/native,2_dpo/native,direction_index,0.5281,0.7544,0.2262,-0.006,0.4727
faulborn_nli_reconstructed_leakage_free_seed43,please_respond,vs_previous_stage,2_dpo/native,3_rlvr2/native,position_rate,0.3182,0.3125,-0.0057,-0.0625,0.0511
faulborn_nli_reconstructed_leakage_free_seed43,please_respond,vs_previous_stage,2_dpo/native,3_rlvr2/native,acquiescence,0.5439,0.473,-0.0709,-0.1776,0.0226
faulborn_nli_reconstructed_leakage_free_seed43,please_respond,vs_previous_stage,2_dpo/native,3_rlvr2/native,direction_index,0.7544,0.9459,0.1916,0.0173,0.3922
faulborn_nli_reconstructed_leakage_free_seed43,please_respond,vs_previous_stage,0_base/raw,1_sft/raw,position_rate,0.0909,0.2386,0.1477,0.0739,0.2273
faulborn_nli_reconstructed_leakage_free_seed43,please_respond,vs_previous_stage,0_base/raw,1_sft/raw,acquiescence,0.6182,0.6293,0.0111,-0.2635,0.3249
faulborn_nli_reconstructed_leakage_free_seed43,please_respond,vs_previous_stage,0_base/raw,1_sft/raw,direction_index,-0.0364,0.2151,0.2515,-0.2698,0.8375
faulborn_nli_reconstructed_leakage_free_seed43,please_respond,vs_previous_stage,1_sft/raw,2_dpo/raw,position_rate,0.2386,0.8807,0.642,0.5568,0.7216
faulborn_nli_reconstructed_leakage_free_seed43,please_respond,vs_previous_stage,1_sft/raw,2_dpo/raw,acquiescence,0.6293,0.7025,0.0733,-0.0593,0.2073
faulborn_nli_reconstructed_leakage_free_seed43,please_respond,vs_previous_stage,1_sft/raw,2_dpo/raw,direction_index,0.2151,0.2103,-0.0048,-0.2909,0.2889
faulborn_nli_reconstructed_leakage_free_seed43,please_respond,vs_previous_stage,2_dpo/raw,3_rlvr2/raw,position_rate,0.8807,0.9205,0.0398,-0.0057,0.0852
faulborn_nli_reconstructed_leakage_free_seed43,please_respond,vs_previous_stage,2_dpo/raw,3_rlvr2/raw,acquiescence,0.7025,0.6707,-0.0318,-0.0796,0.0128
faulborn_nli_reconstructed_leakage_free_seed43,please_respond,vs_previous_stage,2_dpo/raw,3_rlvr2/raw,direction_index,0.2103,0.3294,0.1191,0.0024,0.232
faulborn_nli_reconstructed_leakage_free_seed43,stance_first,vs_base_raw,0_base/raw,1_sft/native,position_rate,0.0227,1.0,0.9773,0.9545,0.9943
faulborn_nli_reconstructed_leakage_free_seed43,stance_first,vs_base_raw,0_base/raw,1_sft/native,acquiescence,0.8333,0.4886,-0.3447,,
faulborn_nli_reconstructed_leakage_free_seed43,stance_first,vs_base_raw,0_base/raw,1_sft/native,direction_index,0.3333,0.5,0.1667,,
faulborn_nli_reconstructed_leakage_free_seed43,stance_first,vs_base_raw,0_base/raw,1_sft/raw,position_rate,0.0227,0.1989,0.1761,0.108,0.2386
faulborn_nli_reconstructed_leakage_free_seed43,stance_first,vs_base_raw,0_base/raw,1_sft/raw,acquiescence,0.8333,0.8333,0.0,,
faulborn_nli_reconstructed_leakage_free_seed43,stance_first,vs_base_raw,0_base/raw,1_sft/raw,direction_index,0.3333,0.3333,0.0,,
faulborn_nli_reconstructed_leakage_free_seed43,stance_first,vs_base_raw,0_base/raw,2_dpo/native,position_rate,0.0227,0.983,0.9602,0.9261,0.9886
faulborn_nli_reconstructed_leakage_free_seed43,stance_first,vs_base_raw,0_base/raw,2_dpo/native,acquiescence,0.8333,0.4693,-0.364,,
faulborn_nli_reconstructed_leakage_free_seed43,stance_first,vs_base_raw,0_base/raw,2_dpo/native,direction_index,0.3333,0.5386,0.2053,,
faulborn_nli_reconstructed_leakage_free_seed43,stance_first,vs_base_raw,0_base/raw,2_dpo/raw,position_rate,0.0227,0.8182,0.7955,0.7386,0.8467
faulborn_nli_reconstructed_leakage_free_seed43,stance_first,vs_base_raw,0_base/raw,2_dpo/raw,acquiescence,0.8333,0.6641,-0.1692,,
faulborn_nli_reconstructed_leakage_free_seed43,stance_first,vs_base_raw,0_base/raw,2_dpo/raw,direction_index,0.3333,0.4071,0.0738,,
faulborn_nli_reconstructed_leakage_free_seed43,stance_first,vs_base_raw,0_base/raw,3_rlvr2/native,position_rate,0.0227,0.983,0.9602,0.9261,0.9886
faulborn_nli_reconstructed_leakage_free_seed43,stance_first,vs_base_raw,0_base/raw,3_rlvr2/native,acquiescence,0.8333,0.4551,-0.3782,,
faulborn_nli_reconstructed_leakage_free_seed43,stance_first,vs_base_raw,0_base/raw,3_rlvr2/native,direction_index,0.3333,0.5381,0.2048,,
faulborn_nli_reconstructed_leakage_free_seed43,stance_first,vs_base_raw,0_base/raw,3_rlvr2/raw,position_rate,0.0227,0.8295,0.8068,0.7443,0.8636
faulborn_nli_reconstructed_leakage_free_seed43,stance_first,vs_base_raw,0_base/raw,3_rlvr2/raw,acquiescence,0.8333,0.5751,-0.2582,,
faulborn_nli_reconstructed_leakage_free_seed43,stance_first,vs_base_raw,0_base/raw,3_rlvr2/raw,direction_index,0.3333,0.4836,0.1502,,
faulborn_nli_reconstructed_leakage_free_seed43,stance_first,vs_previous_stage,1_sft/native,2_dpo/native,position_rate,1.0,0.983,-0.017,-0.0398,0.0
faulborn_nli_reconstructed_leakage_free_seed43,stance_first,vs_previous_stage,1_sft/native,2_dpo/native,acquiescence,0.4886,0.4693,-0.0193,-0.0517,0.0126
faulborn_nli_reconstructed_leakage_free_seed43,stance_first,vs_previous_stage,1_sft/native,2_dpo/native,direction_index,0.5,0.5386,0.0386,-0.0253,0.1061
faulborn_nli_reconstructed_leakage_free_seed43,stance_first,vs_previous_stage,2_dpo/native,3_rlvr2/native,position_rate,0.983,0.983,0.0,-0.0227,0.0227
faulborn_nli_reconstructed_leakage_free_seed43,stance_first,vs_previous_stage,2_dpo/native,3_rlvr2/native,acquiescence,0.4693,0.4551,-0.0142,-0.045,0.014
faulborn_nli_reconstructed_leakage_free_seed43,stance_first,vs_previous_stage,2_dpo/native,3_rlvr2/native,direction_index,0.5386,0.5381,-0.0005,-0.0591,0.0577
faulborn_nli_reconstructed_leakage_free_seed43,stance_first,vs_previous_stage,0_base/raw,1_sft/raw,position_rate,0.0227,0.1989,0.1761,0.108,0.2386
faulborn_nli_reconstructed_leakage_free_seed43,stance_first,vs_previous_stage,0_base/raw,1_sft/raw,acquiescence,0.8333,0.8333,0.0,,
faulborn_nli_reconstructed_leakage_free_seed43,stance_first,vs_previous_stage,0_base/raw,1_sft/raw,direction_index,0.3333,0.3333,0.0,,
faulborn_nli_reconstructed_leakage_free_seed43,stance_first,vs_previous_stage,1_sft/raw,2_dpo/raw,position_rate,0.1989,0.8182,0.6193,0.5455,0.6932
faulborn_nli_reconstructed_leakage_free_seed43,stance_first,vs_previous_stage,1_sft/raw,2_dpo/raw,acquiescence,0.8333,0.6641,-0.1692,-0.2885,-0.0332
faulborn_nli_reconstructed_leakage_free_seed43,stance_first,vs_previous_stage,1_sft/raw,2_dpo/raw,direction_index,0.3333,0.4071,0.0738,-0.184,0.3142
faulborn_nli_reconstructed_leakage_free_seed43,stance_first,vs_previous_stage,2_dpo/raw,3_rlvr2/raw,position_rate,0.8182,0.8295,0.0114,-0.0284,0.0511
faulborn_nli_reconstructed_leakage_free_seed43,stance_first,vs_previous_stage,2_dpo/raw,3_rlvr2/raw,acquiescence,0.6641,0.5751,-0.089,-0.1521,-0.0297
faulborn_nli_reconstructed_leakage_free_seed43,stance_first,vs_previous_stage,2_dpo/raw,3_rlvr2/raw,direction_index,0.4071,0.4836,0.0764,-0.0492,0.2008
faulborn_nli_reconstructed_leakage_free_seed44,opinion,vs_base_raw,0_base/raw,1_sft/native,position_rate,0.1364,0.1932,0.0568,-0.0284,0.142
faulborn_nli_reconstructed_leakage_free_seed44,opinion,vs_base_raw,0_base/raw,1_sft/native,acquiescence,0.625,0.5588,-0.0662,-0.296,0.1696
faulborn_nli_reconstructed_leakage_free_seed44,opinion,vs_base_raw,0_base/raw,1_sft/native,direction_index,0.25,0.5294,0.2794,-0.1632,0.7478
faulborn_nli_reconstructed_leakage_free_seed44,opinion,vs_base_raw,0_base/raw,1_sft/raw,position_rate,0.1364,0.0398,-0.0966,-0.1591,-0.0398
faulborn_nli_reconstructed_leakage_free_seed44,opinion,vs_base_raw,0_base/raw,1_sft/raw,acquiescence,0.625,0.5833,-0.0417,-0.5119,0.3667
faulborn_nli_reconstructed_leakage_free_seed44,opinion,vs_base_raw,0_base/raw,1_sft/raw,direction_index,0.25,0.1667,-0.0833,-1.0119,0.8505
faulborn_nli_reconstructed_leakage_free_seed44,opinion,vs_base_raw,0_base/raw,2_dpo/native,position_rate,0.1364,0.3239,0.1875,0.0966,0.2784
faulborn_nli_reconstructed_leakage_free_seed44,opinion,vs_base_raw,0_base/raw,2_dpo/native,acquiescence,0.625,0.5288,-0.0962,-0.2984,0.1231
faulborn_nli_reconstructed_leakage_free_seed44,opinion,vs_base_raw,0_base/raw,2_dpo/native,direction_index,0.25,0.8175,0.5675,0.2223,0.9884
faulborn_nli_reconstructed_leakage_free_seed44,opinion,vs_base_raw,0_base/raw,2_dpo/raw,position_rate,0.1364,0.4773,0.3409,0.2557,0.4318
faulborn_nli_reconstructed_leakage_free_seed44,opinion,vs_base_raw,0_base/raw,2_dpo/raw,acquiescence,0.625,0.7041,0.0791,-0.1221,0.2917
faulborn_nli_reconstructed_leakage_free_seed44,opinion,vs_base_raw,0_base/raw,2_dpo/raw,direction_index,0.25,0.3494,0.0994,-0.2943,0.5534
faulborn_nli_reconstructed_leakage_free_seed44,opinion,vs_base_raw,0_base/raw,3_rlvr2/native,position_rate,0.1364,0.3011,0.1648,0.0682,0.2614
faulborn_nli_reconstructed_leakage_free_seed44,opinion,vs_base_raw,0_base/raw,3_rlvr2/native,acquiescence,0.625,0.5021,-0.1229,-0.3215,0.0861
faulborn_nli_reconstructed_leakage_free_seed44,opinion,vs_base_raw,0_base/raw,3_rlvr2/native,direction_index,0.25,0.7735,0.5235,0.1304,0.9804
faulborn_nli_reconstructed_leakage_free_seed44,opinion,vs_base_raw,0_base/raw,3_rlvr2/raw,position_rate,0.1364,0.5114,0.375,0.2841,0.4659
faulborn_nli_reconstructed_leakage_free_seed44,opinion,vs_base_raw,0_base/raw,3_rlvr2/raw,acquiescence,0.625,0.6435,0.0185,-0.1936,0.2474
faulborn_nli_reconstructed_leakage_free_seed44,opinion,vs_base_raw,0_base/raw,3_rlvr2/raw,direction_index,0.25,0.3241,0.0741,-0.323,0.5278
faulborn_nli_reconstructed_leakage_free_seed44,opinion,vs_previous_stage,1_sft/native,2_dpo/native,position_rate,0.1932,0.3239,0.1307,0.0682,0.1932
faulborn_nli_reconstructed_leakage_free_seed44,opinion,vs_previous_stage,1_sft/native,2_dpo/native,acquiescence,0.5588,0.5288,-0.0301,-0.159,0.103
faulborn_nli_reconstructed_leakage_free_seed44,opinion,vs_previous_stage,1_sft/native,2_dpo/native,direction_index,0.5294,0.8175,0.2881,0.0295,0.597
faulborn_nli_reconstructed_leakage_free_seed44,opinion,vs_previous_stage,2_dpo/native,3_rlvr2/native,position_rate,0.3239,0.3011,-0.0227,-0.0739,0.0284
faulborn_nli_reconstructed_leakage_free_seed44,opinion,vs_previous_stage,2_dpo/native,3_rlvr2/native,acquiescence,0.5288,0.5021,-0.0266,-0.0918,0.0362
faulborn_nli_reconstructed_leakage_free_seed44,opinion,vs_previous_stage,2_dpo/native,3_rlvr2/native,direction_index,0.8175,0.7735,-0.044,-0.1883,0.0797
faulborn_nli_reconstructed_leakage_free_seed44,opinion,vs_previous_stage,0_base/raw,1_sft/raw,position_rate,0.1364,0.0398,-0.0966,-0.1591,-0.0398
faulborn_nli_reconstructed_leakage_free_seed44,opinion,vs_previous_stage,0_base/raw,1_sft/raw,acquiescence,0.625,0.5833,-0.0417,-0.5119,0.3667
faulborn_nli_reconstructed_leakage_free_seed44,opinion,vs_previous_stage,0_base/raw,1_sft/raw,direction_index,0.25,0.1667,-0.0833,-1.0119,0.8505
faulborn_nli_reconstructed_leakage_free_seed44,opinion,vs_previous_stage,1_sft/raw,2_dpo/raw,position_rate,0.0398,0.4773,0.4375,0.3636,0.5057
faulborn_nli_reconstructed_leakage_free_seed44,opinion,vs_previous_stage,1_sft/raw,2_dpo/raw,acquiescence,0.5833,0.7041,0.1208,-0.2497,0.5371
faulborn_nli_reconstructed_leakage_free_seed44,opinion,vs_previous_stage,1_sft/raw,2_dpo/raw,direction_index,0.1667,0.3494,0.1827,-0.6385,1.0629
faulborn_nli_reconstructed_leakage_free_seed44,opinion,vs_previous_stage,2_dpo/raw,3_rlvr2/raw,position_rate,0.4773,0.5114,0.0341,-0.017,0.0852
faulborn_nli_reconstructed_leakage_free_seed44,opinion,vs_previous_stage,2_dpo/raw,3_rlvr2/raw,acquiescence,0.7041,0.6435,-0.0606,-0.1433,0.018
faulborn_nli_reconstructed_leakage_free_seed44,opinion,vs_previous_stage,2_dpo/raw,3_rlvr2/raw,direction_index,0.3494,0.3241,-0.0253,-0.1748,0.1162
faulborn_nli_reconstructed_leakage_free_seed44,please_respond,vs_base_raw,0_base/raw,1_sft/native,position_rate,0.0966,0.4148,0.3182,0.2273,0.4148
faulborn_nli_reconstructed_leakage_free_seed44,please_respond,vs_base_raw,0_base/raw,1_sft/native,acquiescence,0.5083,0.4784,-0.0299,-0.3168,0.3153
faulborn_nli_reconstructed_leakage_free_seed44,please_respond,vs_base_raw,0_base/raw,1_sft/native,direction_index,0.1833,0.5932,0.4098,-0.1568,1.026
faulborn_nli_reconstructed_leakage_free_seed44,please_respond,vs_base_raw,0_base/raw,1_sft/raw,position_rate,0.0966,0.25,0.1534,0.0795,0.233
faulborn_nli_reconstructed_leakage_free_seed44,please_respond,vs_base_raw,0_base/raw,1_sft/raw,acquiescence,0.5083,0.5507,0.0424,-0.2707,0.3873
faulborn_nli_reconstructed_leakage_free_seed44,please_respond,vs_base_raw,0_base/raw,1_sft/raw,direction_index,0.1833,0.2319,0.0486,-0.4457,0.6351
faulborn_nli_reconstructed_leakage_free_seed44,please_respond,vs_base_raw,0_base/raw,2_dpo/native,position_rate,0.0966,0.3182,0.2216,0.1307,0.3182
faulborn_nli_reconstructed_leakage_free_seed44,please_respond,vs_base_raw,0_base/raw,2_dpo/native,acquiescence,0.5083,0.5477,0.0394,-0.2291,0.3689
faulborn_nli_reconstructed_leakage_free_seed44,please_respond,vs_base_raw,0_base/raw,2_dpo/native,direction_index,0.1833,0.7755,0.5922,0.043,1.2033
faulborn_nli_reconstructed_leakage_free_seed44,please_respond,vs_base_raw,0_base/raw,2_dpo/raw,position_rate,0.0966,0.8977,0.8011,0.733,0.8636
faulborn_nli_reconstructed_leakage_free_seed44,please_respond,vs_base_raw,0_base/raw,2_dpo/raw,acquiescence,0.5083,0.7057,0.1974,-0.0708,0.5176
faulborn_nli_reconstructed_leakage_free_seed44,please_respond,vs_base_raw,0_base/raw,2_dpo/raw,direction_index,0.1833,0.2509,0.0676,-0.4573,0.6557
faulborn_nli_reconstructed_leakage_free_seed44,please_respond,vs_base_raw,0_base/raw,3_rlvr2/native,position_rate,0.0966,0.3125,0.2159,0.1362,0.3013
faulborn_nli_reconstructed_leakage_free_seed44,please_respond,vs_base_raw,0_base/raw,3_rlvr2/native,acquiescence,0.5083,0.5245,0.0161,-0.264,0.3503
faulborn_nli_reconstructed_leakage_free_seed44,please_respond,vs_base_raw,0_base/raw,3_rlvr2/native,direction_index,0.1833,0.7011,0.5178,-0.0158,1.1635
faulborn_nli_reconstructed_leakage_free_seed44,please_respond,vs_base_raw,0_base/raw,3_rlvr2/raw,position_rate,0.0966,0.9205,0.8239,0.7557,0.892
faulborn_nli_reconstructed_leakage_free_seed44,please_respond,vs_base_raw,0_base/raw,3_rlvr2/raw,acquiescence,0.5083,0.6869,0.1786,-0.1005,0.5093
faulborn_nli_reconstructed_leakage_free_seed44,please_respond,vs_base_raw,0_base/raw,3_rlvr2/raw,direction_index,0.1833,0.2762,0.0929,-0.4329,0.6744
faulborn_nli_reconstructed_leakage_free_seed44,please_respond,vs_previous_stage,1_sft/native,2_dpo/native,position_rate,0.4148,0.3182,-0.0966,-0.1818,-0.0114
faulborn_nli_reconstructed_leakage_free_seed44,please_respond,vs_previous_stage,1_sft/native,2_dpo/native,acquiescence,0.4784,0.5477,0.0693,-0.0328,0.1658
faulborn_nli_reconstructed_leakage_free_seed44,please_respond,vs_previous_stage,1_sft/native,2_dpo/native,direction_index,0.5932,0.7755,0.1823,-0.0293,0.4111
faulborn_nli_reconstructed_leakage_free_seed44,please_respond,vs_previous_stage,2_dpo/native,3_rlvr2/native,position_rate,0.3182,0.3125,-0.0057,-0.0511,0.0398
faulborn_nli_reconstructed_leakage_free_seed44,please_respond,vs_previous_stage,2_dpo/native,3_rlvr2/native,acquiescence,0.5477,0.5245,-0.0233,-0.1058,0.0523
faulborn_nli_reconstructed_leakage_free_seed44,please_respond,vs_previous_stage,2_dpo/native,3_rlvr2/native,direction_index,0.7755,0.7011,-0.0744,-0.2163,0.0748
faulborn_nli_reconstructed_leakage_free_seed44,please_respond,vs_previous_stage,0_base/raw,1_sft/raw,position_rate,0.0966,0.25,0.1534,0.0795,0.233
faulborn_nli_reconstructed_leakage_free_seed44,please_respond,vs_previous_stage,0_base/raw,1_sft/raw,acquiescence,0.5083,0.5507,0.0424,-0.2707,0.3873
faulborn_nli_reconstructed_leakage_free_seed44,please_respond,vs_previous_stage,0_base/raw,1_sft/raw,direction_index,0.1833,0.2319,0.0486,-0.4457,0.6351
faulborn_nli_reconstructed_leakage_free_seed44,please_respond,vs_previous_stage,1_sft/raw,2_dpo/raw,position_rate,0.25,0.8977,0.6477,0.568,0.7273
faulborn_nli_reconstructed_leakage_free_seed44,please_respond,vs_previous_stage,1_sft/raw,2_dpo/raw,acquiescence,0.5507,0.7057,0.155,0.0183,0.2963
faulborn_nli_reconstructed_leakage_free_seed44,please_respond,vs_previous_stage,1_sft/raw,2_dpo/raw,direction_index,0.2319,0.2509,0.019,-0.2742,0.299
faulborn_nli_reconstructed_leakage_free_seed44,please_respond,vs_previous_stage,2_dpo/raw,3_rlvr2/raw,position_rate,0.8977,0.9205,0.0227,-0.0114,0.0568
faulborn_nli_reconstructed_leakage_free_seed44,please_respond,vs_previous_stage,2_dpo/raw,3_rlvr2/raw,acquiescence,0.7057,0.6869,-0.0188,-0.0629,0.0277
faulborn_nli_reconstructed_leakage_free_seed44,please_respond,vs_previous_stage,2_dpo/raw,3_rlvr2/raw,direction_index,0.2509,0.2762,0.0253,-0.0819,0.1356
faulborn_nli_reconstructed_leakage_free_seed44,stance_first,vs_base_raw,0_base/raw,1_sft/native,position_rate,0.0227,1.0,0.9773,0.9545,0.9943
faulborn_nli_reconstructed_leakage_free_seed44,stance_first,vs_base_raw,0_base/raw,1_sft/native,acquiescence,0.8333,0.4886,-0.3447,,
faulborn_nli_reconstructed_leakage_free_seed44,stance_first,vs_base_raw,0_base/raw,1_sft/native,direction_index,0.3333,0.5,0.1667,,
faulborn_nli_reconstructed_leakage_free_seed44,stance_first,vs_base_raw,0_base/raw,1_sft/raw,position_rate,0.0227,0.1818,0.1591,0.0966,0.2216
faulborn_nli_reconstructed_leakage_free_seed44,stance_first,vs_base_raw,0_base/raw,1_sft/raw,acquiescence,0.8333,0.7188,-0.1146,,
faulborn_nli_reconstructed_leakage_free_seed44,stance_first,vs_base_raw,0_base/raw,1_sft/raw,direction_index,0.3333,0.4375,0.1042,,
faulborn_nli_reconstructed_leakage_free_seed44,stance_first,vs_base_raw,0_base/raw,2_dpo/native,position_rate,0.0227,0.9716,0.9489,0.9148,0.9773
faulborn_nli_reconstructed_leakage_free_seed44,stance_first,vs_base_raw,0_base/raw,2_dpo/native,acquiescence,0.8333,0.4604,-0.3729,,
faulborn_nli_reconstructed_leakage_free_seed44,stance_first,vs_base_raw,0_base/raw,2_dpo/native,direction_index,0.3333,0.5443,0.211,,
faulborn_nli_reconstructed_leakage_free_seed44,stance_first,vs_base_raw,0_base/raw,2_dpo/raw,position_rate,0.0227,0.8068,0.7841,0.7273,0.8409
faulborn_nli_reconstructed_leakage_free_seed44,stance_first,vs_base_raw,0_base/raw,2_dpo/raw,acquiescence,0.8333,0.652,-0.1813,,
faulborn_nli_reconstructed_leakage_free_seed44,stance_first,vs_base_raw,0_base/raw,2_dpo/raw,direction_index,0.3333,0.3974,0.0641,,
faulborn_nli_reconstructed_leakage_free_seed44,stance_first,vs_base_raw,0_base/raw,3_rlvr2/native,position_rate,0.0227,0.9773,0.9545,0.9205,0.983
faulborn_nli_reconstructed_leakage_free_seed44,stance_first,vs_base_raw,0_base/raw,3_rlvr2/native,acquiescence,0.8333,0.4387,-0.3947,,
faulborn_nli_reconstructed_leakage_free_seed44,stance_first,vs_base_raw,0_base/raw,3_rlvr2/native,direction_index,0.3333,0.5479,0.2146,,
faulborn_nli_reconstructed_leakage_free_seed44,stance_first,vs_base_raw,0_base/raw,3_rlvr2/raw,position_rate,0.0227,0.8068,0.7841,0.7216,0.8466
faulborn_nli_reconstructed_leakage_free_seed44,stance_first,vs_base_raw,0_base/raw,3_rlvr2/raw,acquiescence,0.8333,0.5943,-0.239,,
faulborn_nli_reconstructed_leakage_free_seed44,stance_first,vs_base_raw,0_base/raw,3_rlvr2/raw,direction_index,0.3333,0.4781,0.1447,,
faulborn_nli_reconstructed_leakage_free_seed44,stance_first,vs_previous_stage,1_sft/native,2_dpo/native,position_rate,1.0,0.9716,-0.0284,-0.0568,-0.0057
faulborn_nli_reconstructed_leakage_free_seed44,stance_first,vs_previous_stage,1_sft/native,2_dpo/native,acquiescence,0.4886,0.4604,-0.0282,-0.0603,0.0011
faulborn_nli_reconstructed_leakage_free_seed44,stance_first,vs_previous_stage,1_sft/native,2_dpo/native,direction_index,0.5,0.5443,0.0443,-0.0165,0.1077
faulborn_nli_reconstructed_leakage_free_seed44,stance_first,vs_previous_stage,2_dpo/native,3_rlvr2/native,position_rate,0.9716,0.9773,0.0057,-0.0114,0.0284
faulborn_nli_reconstructed_leakage_free_seed44,stance_first,vs_previous_stage,2_dpo/native,3_rlvr2/native,acquiescence,0.4604,0.4387,-0.0217,-0.0463,-0.0032
faulborn_nli_reconstructed_leakage_free_seed44,stance_first,vs_previous_stage,2_dpo/native,3_rlvr2/native,direction_index,0.5443,0.5479,0.0036,-0.042,0.0445
faulborn_nli_reconstructed_leakage_free_seed44,stance_first,vs_previous_stage,0_base/raw,1_sft/raw,position_rate,0.0227,0.1818,0.1591,0.0966,0.2216
faulborn_nli_reconstructed_leakage_free_seed44,stance_first,vs_previous_stage,0_base/raw,1_sft/raw,acquiescence,0.8333,0.7188,-0.1146,,
faulborn_nli_reconstructed_leakage_free_seed44,stance_first,vs_previous_stage,0_base/raw,1_sft/raw,direction_index,0.3333,0.4375,0.1042,,
faulborn_nli_reconstructed_leakage_free_seed44,stance_first,vs_previous_stage,1_sft/raw,2_dpo/raw,position_rate,0.1818,0.8068,0.625,0.5568,0.6989
faulborn_nli_reconstructed_leakage_free_seed44,stance_first,vs_previous_stage,1_sft/raw,2_dpo/raw,acquiescence,0.7188,0.652,-0.0667,-0.2235,0.1049
faulborn_nli_reconstructed_leakage_free_seed44,stance_first,vs_previous_stage,1_sft/raw,2_dpo/raw,direction_index,0.4375,0.3974,-0.0401,-0.3392,0.2566
faulborn_nli_reconstructed_leakage_free_seed44,stance_first,vs_previous_stage,2_dpo/raw,3_rlvr2/raw,position_rate,0.8068,0.8068,0.0,-0.0398,0.0398
faulborn_nli_reconstructed_leakage_free_seed44,stance_first,vs_previous_stage,2_dpo/raw,3_rlvr2/raw,acquiescence,0.652,0.5943,-0.0577,-0.1125,-0.0026
faulborn_nli_reconstructed_leakage_free_seed44,stance_first,vs_previous_stage,2_dpo/raw,3_rlvr2/raw,direction_index,0.3974,0.4781,0.0807,-0.0293,0.1934
faulborn_nli_zeroshot,opinion,vs_base_raw,0_base/raw,1_sft/native,position_rate,0.6534,0.9943,0.3409,0.2614,0.4205
faulborn_nli_zeroshot,opinion,vs_base_raw,0_base/raw,1_sft/native,acquiescence,0.384,0.2909,-0.0931,-0.1902,0.0078
faulborn_nli_zeroshot,opinion,vs_base_raw,0_base/raw,1_sft/native,direction_index,0.0468,0.1681,0.1214,-0.091,0.3445
faulborn_nli_zeroshot,opinion,vs_base_raw,0_base/raw,1_sft/raw,position_rate,0.6534,0.1875,-0.4659,-0.5511,-0.3807
faulborn_nli_zeroshot,opinion,vs_base_raw,0_base/raw,1_sft/raw,acquiescence,0.384,0.3864,0.0023,-0.1979,0.2051
faulborn_nli_zeroshot,opinion,vs_base_raw,0_base/raw,1_sft/raw,direction_index,0.0468,0.1364,0.0896,-0.3402,0.5368
faulborn_nli_zeroshot,opinion,vs_base_raw,0_base/raw,2_dpo/native,position_rate,0.6534,0.9943,0.3409,0.2614,0.4205
faulborn_nli_zeroshot,opinion,vs_base_raw,0_base/raw,2_dpo/native,acquiescence,0.384,0.3419,-0.0421,-0.1481,0.0647
faulborn_nli_zeroshot,opinion,vs_base_raw,0_base/raw,2_dpo/native,direction_index,0.0468,0.3389,0.2922,0.0578,0.5417
faulborn_nli_zeroshot,opinion,vs_base_raw,0_base/raw,2_dpo/raw,position_rate,0.6534,0.5682,-0.0852,-0.1648,-0.0057
faulborn_nli_zeroshot,opinion,vs_base_raw,0_base/raw,2_dpo/raw,acquiescence,0.384,0.6275,0.2435,0.1193,0.3628
faulborn_nli_zeroshot,opinion,vs_base_raw,0_base/raw,2_dpo/raw,direction_index,0.0468,0.3059,0.2592,0.0227,0.4925
faulborn_nli_zeroshot,opinion,vs_base_raw,0_base/raw,3_rlvr2/native,position_rate,0.6534,1.0,0.3466,0.2727,0.4261
faulborn_nli_zeroshot,opinion,vs_base_raw,0_base/raw,3_rlvr2/native,acquiescence,0.384,0.358,-0.0261,-0.1325,0.0743
faulborn_nli_zeroshot,opinion,vs_base_raw,0_base/raw,3_rlvr2/native,direction_index,0.0468,0.375,0.3282,0.1001,0.5625
faulborn_nli_zeroshot,opinion,vs_base_raw,0_base/raw,3_rlvr2/raw,position_rate,0.6534,0.6193,-0.0341,-0.1136,0.0511
faulborn_nli_zeroshot,opinion,vs_base_raw,0_base/raw,3_rlvr2/raw,acquiescence,0.384,0.5347,0.1507,0.022,0.2698
faulborn_nli_zeroshot,opinion,vs_base_raw,0_base/raw,3_rlvr2/raw,direction_index,0.0468,0.3724,0.3257,0.0642,0.5647
faulborn_nli_zeroshot,opinion,vs_previous_stage,1_sft/native,2_dpo/native,position_rate,0.9943,0.9943,0.0,-0.017,0.017
faulborn_nli_zeroshot,opinion,vs_previous_stage,1_sft/native,2_dpo/native,acquiescence,0.2909,0.3419,0.0509,-0.0236,0.125
faulborn_nli_zeroshot,opinion,vs_previous_stage,1_sft/native,2_dpo/native,direction_index,0.1681,0.3389,0.1708,0.0102,0.3296
faulborn_nli_zeroshot,opinion,vs_previous_stage,2_dpo/native,3_rlvr2/native,position_rate,0.9943,1.0,0.0057,0.0,0.017
faulborn_nli_zeroshot,opinion,vs_previous_stage,2_dpo/native,3_rlvr2/native,acquiescence,0.3419,0.358,0.0161,-0.041,0.0728
faulborn_nli_zeroshot,opinion,vs_previous_stage,2_dpo/native,3_rlvr2/native,direction_index,0.3389,0.375,0.0361,-0.1107,0.1818
faulborn_nli_zeroshot,opinion,vs_previous_stage,0_base/raw,1_sft/raw,position_rate,0.6534,0.1875,-0.4659,-0.5511,-0.3807
faulborn_nli_zeroshot,opinion,vs_previous_stage,0_base/raw,1_sft/raw,acquiescence,0.384,0.3864,0.0023,-0.1979,0.2051
faulborn_nli_zeroshot,opinion,vs_previous_stage,0_base/raw,1_sft/raw,direction_index,0.0468,0.1364,0.0896,-0.3402,0.5368
faulborn_nli_zeroshot,opinion,vs_previous_stage,1_sft/raw,2_dpo/raw,position_rate,0.1875,0.5682,0.3807,0.3125,0.4489
faulborn_nli_zeroshot,opinion,vs_previous_stage,1_sft/raw,2_dpo/raw,acquiescence,0.3864,0.6275,0.2412,0.0493,0.4283
faulborn_nli_zeroshot,opinion,vs_previous_stage,1_sft/raw,2_dpo/raw,direction_index,0.1364,0.3059,0.1695,-0.2445,0.5771
faulborn_nli_zeroshot,opinion,vs_previous_stage,2_dpo/raw,3_rlvr2/raw,position_rate,0.5682,0.6193,0.0511,0.017,0.0852
faulborn_nli_zeroshot,opinion,vs_previous_stage,2_dpo/raw,3_rlvr2/raw,acquiescence,0.6275,0.5347,-0.0928,-0.1859,-0.0008
faulborn_nli_zeroshot,opinion,vs_previous_stage,2_dpo/raw,3_rlvr2/raw,direction_index,0.3059,0.3724,0.0665,-0.0996,0.2338
faulborn_nli_zeroshot,please_respond,vs_base_raw,0_base/raw,1_sft/native,position_rate,0.9091,0.9943,0.0852,0.0455,0.125
faulborn_nli_zeroshot,please_respond,vs_base_raw,0_base/raw,1_sft/native,acquiescence,0.3627,0.3533,-0.0094,-0.1094,0.0882
faulborn_nli_zeroshot,please_respond,vs_base_raw,0_base/raw,1_sft/native,direction_index,0.0341,0.3388,0.3048,0.1084,0.4986
faulborn_nli_zeroshot,please_respond,vs_base_raw,0_base/raw,1_sft/raw,position_rate,0.9091,0.4773,-0.4318,-0.5114,-0.3523
faulborn_nli_zeroshot,please_respond,vs_base_raw,0_base/raw,1_sft/raw,acquiescence,0.3627,0.5072,0.1445,0.0058,0.2792
faulborn_nli_zeroshot,please_respond,vs_base_raw,0_base/raw,1_sft/raw,direction_index,0.0341,0.1208,0.0867,-0.1586,0.3417
faulborn_nli_zeroshot,please_respond,vs_base_raw,0_base/raw,2_dpo/native,position_rate,0.9091,0.9943,0.0852,0.0398,0.1307
faulborn_nli_zeroshot,please_respond,vs_base_raw,0_base/raw,2_dpo/native,acquiescence,0.3627,0.3878,0.0251,-0.0766,0.1254
faulborn_nli_zeroshot,please_respond,vs_base_raw,0_base/raw,2_dpo/native,direction_index,0.0341,0.2699,0.2358,0.0231,0.4567
faulborn_nli_zeroshot,please_respond,vs_base_raw,0_base/raw,2_dpo/raw,position_rate,0.9091,0.9659,0.0568,0.0114,0.108
faulborn_nli_zeroshot,please_respond,vs_base_raw,0_base/raw,2_dpo/raw,acquiescence,0.3627,0.6086,0.2459,0.1404,0.3484
faulborn_nli_zeroshot,please_respond,vs_base_raw,0_base/raw,2_dpo/raw,direction_index,0.0341,0.2286,0.1946,-0.0107,0.3953
faulborn_nli_zeroshot,please_respond,vs_base_raw,0_base/raw,3_rlvr2/native,position_rate,0.9091,0.9943,0.0852,0.0398,0.1307
faulborn_nli_zeroshot,please_respond,vs_base_raw,0_base/raw,3_rlvr2/native,acquiescence,0.3627,0.3418,-0.0209,-0.1239,0.0795
faulborn_nli_zeroshot,please_respond,vs_base_raw,0_base/raw,3_rlvr2/native,direction_index,0.0341,0.3618,0.3277,0.1378,0.5203
faulborn_nli_zeroshot,please_respond,vs_base_raw,0_base/raw,3_rlvr2/raw,position_rate,0.9091,0.9716,0.0625,0.0169,0.1136
faulborn_nli_zeroshot,please_respond,vs_base_raw,0_base/raw,3_rlvr2/raw,acquiescence,0.3627,0.616,0.2533,0.1451,0.3601
faulborn_nli_zeroshot,please_respond,vs_base_raw,0_base/raw,3_rlvr2/raw,direction_index,0.0341,0.2204,0.1864,-0.017,0.3838
faulborn_nli_zeroshot,please_respond,vs_previous_stage,1_sft/native,2_dpo/native,position_rate,0.9943,0.9943,0.0,-0.017,0.017
faulborn_nli_zeroshot,please_respond,vs_previous_stage,1_sft/native,2_dpo/native,acquiescence,0.3533,0.3878,0.0345,-0.0442,0.1139
faulborn_nli_zeroshot,please_respond,vs_previous_stage,1_sft/native,2_dpo/native,direction_index,0.3388,0.2699,-0.069,-0.2178,0.0823
faulborn_nli_zeroshot,please_respond,vs_previous_stage,2_dpo/native,3_rlvr2/native,position_rate,0.9943,0.9943,0.0,0.0,0.0
faulborn_nli_zeroshot,please_respond,vs_previous_stage,2_dpo/native,3_rlvr2/native,acquiescence,0.3878,0.3418,-0.046,-0.1092,0.017
faulborn_nli_zeroshot,please_respond,vs_previous_stage,2_dpo/native,3_rlvr2/native,direction_index,0.2699,0.3618,0.092,-0.0337,0.2176
faulborn_nli_zeroshot,please_respond,vs_previous_stage,0_base/raw,1_sft/raw,position_rate,0.9091,0.4773,-0.4318,-0.5114,-0.3523
faulborn_nli_zeroshot,please_respond,vs_previous_stage,0_base/raw,1_sft/raw,acquiescence,0.3627,0.5072,0.1445,0.0058,0.2792
faulborn_nli_zeroshot,please_respond,vs_previous_stage,0_base/raw,1_sft/raw,direction_index,0.0341,0.1208,0.0867,-0.1586,0.3417
faulborn_nli_zeroshot,please_respond,vs_previous_stage,1_sft/raw,2_dpo/raw,position_rate,0.4773,0.9659,0.4886,0.4091,0.5625
faulborn_nli_zeroshot,please_respond,vs_previous_stage,1_sft/raw,2_dpo/raw,acquiescence,0.5072,0.6086,0.1014,-0.0233,0.2221
faulborn_nli_zeroshot,please_respond,vs_previous_stage,1_sft/raw,2_dpo/raw,direction_index,0.1208,0.2286,0.1079,-0.1045,0.3133
faulborn_nli_zeroshot,please_respond,vs_previous_stage,2_dpo/raw,3_rlvr2/raw,position_rate,0.9659,0.9716,0.0057,0.0,0.017
faulborn_nli_zeroshot,please_respond,vs_previous_stage,2_dpo/raw,3_rlvr2/raw,acquiescence,0.6086,0.616,0.0074,-0.0465,0.0609
faulborn_nli_zeroshot,please_respond,vs_previous_stage,2_dpo/raw,3_rlvr2/raw,direction_index,0.2286,0.2204,-0.0082,-0.1316,0.1188
faulborn_nli_zeroshot,stance_first,vs_base_raw,0_base/raw,1_sft/native,position_rate,0.9659,1.0,0.0341,0.0114,0.0625
faulborn_nli_zeroshot,stance_first,vs_base_raw,0_base/raw,1_sft/native,acquiescence,0.5529,0.4886,-0.0642,-0.1556,0.0255
faulborn_nli_zeroshot,stance_first,vs_base_raw,0_base/raw,1_sft/native,direction_index,-0.0105,0.5,0.5105,0.2725,0.7389
faulborn_nli_zeroshot,stance_first,vs_base_raw,0_base/raw,1_sft/raw,position_rate,0.9659,0.5568,-0.4091,-0.4943,-0.3352
faulborn_nli_zeroshot,stance_first,vs_base_raw,0_base/raw,1_sft/raw,acquiescence,0.5529,0.4971,-0.0558,-0.1867,0.0764
faulborn_nli_zeroshot,stance_first,vs_base_raw,0_base/raw,1_sft/raw,direction_index,-0.0105,0.1423,0.1528,-0.069,0.3673
faulborn_nli_zeroshot,stance_first,vs_base_raw,0_base/raw,2_dpo/native,position_rate,0.9659,1.0,0.0341,0.0114,0.0625
faulborn_nli_zeroshot,stance_first,vs_base_raw,0_base/raw,2_dpo/native,acquiescence,0.5529,0.4773,-0.0756,-0.1666,0.0153
faulborn_nli_zeroshot,stance_first,vs_base_raw,0_base/raw,2_dpo/native,direction_index,-0.0105,0.5227,0.5332,0.3035,0.7628
faulborn_nli_zeroshot,stance_first,vs_base_raw,0_base/raw,2_dpo/raw,position_rate,0.9659,0.8693,-0.0966,-0.1534,-0.0398
faulborn_nli_zeroshot,stance_first,vs_base_raw,0_base/raw,2_dpo/raw,acquiescence,0.5529,0.6003,0.0474,-0.052,0.149
faulborn_nli_zeroshot,stance_first,vs_base_raw,0_base/raw,2_dpo/raw,direction_index,-0.0105,0.3399,0.3504,0.1268,0.5779
faulborn_nli_zeroshot,stance_first,vs_base_raw,0_base/raw,3_rlvr2/native,position_rate,0.9659,1.0,0.0341,0.0114,0.0625
faulborn_nli_zeroshot,stance_first,vs_base_raw,0_base/raw,3_rlvr2/native,acquiescence,0.5529,0.4545,-0.0983,-0.19,-0.0075
faulborn_nli_zeroshot,stance_first,vs_base_raw,0_base/raw,3_rlvr2/native,direction_index,-0.0105,0.5227,0.5332,0.3149,0.7542
faulborn_nli_zeroshot,stance_first,vs_base_raw,0_base/raw,3_rlvr2/raw,position_rate,0.9659,0.8807,-0.0852,-0.142,-0.0284
faulborn_nli_zeroshot,stance_first,vs_base_raw,0_base/raw,3_rlvr2/raw,acquiescence,0.5529,0.5525,-0.0004,-0.0986,0.0968
faulborn_nli_zeroshot,stance_first,vs_base_raw,0_base/raw,3_rlvr2/raw,direction_index,-0.0105,0.4214,0.4319,0.2083,0.6475
faulborn_nli_zeroshot,stance_first,vs_previous_stage,1_sft/native,2_dpo/native,position_rate,1.0,1.0,0.0,0.0,0.0
faulborn_nli_zeroshot,stance_first,vs_previous_stage,1_sft/native,2_dpo/native,acquiescence,0.4886,0.4773,-0.0114,-0.0398,0.017
faulborn_nli_zeroshot,stance_first,vs_previous_stage,1_sft/native,2_dpo/native,direction_index,0.5,0.5227,0.0227,-0.0341,0.0795
faulborn_nli_zeroshot,stance_first,vs_previous_stage,2_dpo/native,3_rlvr2/native,position_rate,1.0,1.0,0.0,0.0,0.0
faulborn_nli_zeroshot,stance_first,vs_previous_stage,2_dpo/native,3_rlvr2/native,acquiescence,0.4773,0.4545,-0.0227,-0.0455,-0.0057
faulborn_nli_zeroshot,stance_first,vs_previous_stage,2_dpo/native,3_rlvr2/native,direction_index,0.5227,0.5227,0.0,-0.0455,0.0455
faulborn_nli_zeroshot,stance_first,vs_previous_stage,0_base/raw,1_sft/raw,position_rate,0.9659,0.5568,-0.4091,-0.4943,-0.3352
faulborn_nli_zeroshot,stance_first,vs_previous_stage,0_base/raw,1_sft/raw,acquiescence,0.5529,0.4971,-0.0558,-0.1867,0.0764
faulborn_nli_zeroshot,stance_first,vs_previous_stage,0_base/raw,1_sft/raw,direction_index,-0.0105,0.1423,0.1528,-0.069,0.3673
faulborn_nli_zeroshot,stance_first,vs_previous_stage,1_sft/raw,2_dpo/raw,position_rate,0.5568,0.8693,0.3125,0.2443,0.3864
faulborn_nli_zeroshot,stance_first,vs_previous_stage,1_sft/raw,2_dpo/raw,acquiescence,0.4971,0.6003,0.1033,-0.0028,0.2119
faulborn_nli_zeroshot,stance_first,vs_previous_stage,1_sft/raw,2_dpo/raw,direction_index,0.1423,0.3399,0.1976,-0.0174,0.4044
faulborn_nli_zeroshot,stance_first,vs_previous_stage,2_dpo/raw,3_rlvr2/raw,position_rate,0.8693,0.8807,0.0114,0.0,0.0284
faulborn_nli_zeroshot,stance_first,vs_previous_stage,2_dpo/raw,3_rlvr2/raw,acquiescence,0.6003,0.5525,-0.0479,-0.1087,0.0139
faulborn_nli_zeroshot,stance_first,vs_previous_stage,2_dpo/raw,3_rlvr2/raw,direction_index,0.3399,0.4214,0.0815,-0.0478,0.2182
